state_code,County,order_date,phone,order_id,name
CA,Cuyahoga,2020-05-04 12:16:23,640-836-9328,c244cf7d-8f30-42c7-9804-202aa539f4a6,Jessie Foster
TX,San Diego,2023-08-18 04:57:43,834-793-4853,1ba27868-74cd-45d0-964b-4bf8a8be3c06,John Foster
TX,Harris,2023-12-28 18:08:21,678-493-1468,06ec9135-36f0-40f2-8346-0aa695d5db13,Chris Clark
NY,Cook,2021-09-07 19:06:36,300-201-4835,0d2f986e-cdcb-4e89-b180-1194356eb2ed,Emily King
CA,Los Angeles,2020-06-19 04:24:18,996-524-7605,e145902c-b6b6-45a1-805d-93323b396f3c,Jane Gomez
CO,King,2024-05-05 01:25:50,943-654-2784,277273ef-7bfc-4e95-a5f7-cfe41b9e26bb,Alex Clark
TX,San Bernardino,2021-01-08 02:24:49,441-646-6427,05cf47d7-ad55-46d8-8bcc-2b371888a7bc,Jordan Evans
GA,Dallas,2023-10-30 07:42:49,256-333-9278,2016809f-8413-4a52-bca8-3fb57a9a3a6d,Chris Evans
MA,Harris,2022-05-19 21:03:53,266-346-2761,4bcf366f-2098-4eb2-ac11-f230c56d123b,Jane Adams
FL,Cuyahoga,2023-02-25 21:51:06,815-878-5430,030a8eb5-dc86-4e34-a023-2d87c603a3ba,Taylor Foster
CO,Maricopa,2023-11-15 04:08:58,956-901-6137,fbac1a4d-1e62-443c-9cda-b6b85b48aa4d,Chris Gomez
FL,King,2024-11-13 13:31:35,420-850-4125,6020c032-41d7-442c-b43f-8ce284c0169a,John Baker
GA,Cuyahoga,2023-03-10 03:02:39,431-972-6080,9a356c11-7fdc-4439-91ba-f963542834ca,John Gomez
GA,King,2020-07-29 15:51:17,471-841-1454,dce171e7-089f-456c-b5a7-b9c38f61f904,Cameron Clark
MA,Maricopa,2021-04-02 07:47:48,253-246-7885,7fcc041c-6245-48a2-8396-ce082930068d,Jordan Clark
WA,Maricopa,2020-05-14 00:04:43,371-747-4532,7ab3d5c8-3890-4256-a391-312a401730ac,Chris Foster
TX,Harris,2020-11-21 23:52:38,321-770-4337,4fe6e51f-f756-43f7-a897-2a5beab535e4,Alex Gomez
GA,Maricopa,2022-01-13 01:31:00,523-966-1726,6e02b191-b9df-4bac-b1f4-5f8701dc98d9,John Baker
NY,San Diego,2020-07-12 07:19:32,686-632-4530,1943a1ff-59dc-4079-a8cc-3d35c65299d3,Emily King
NV,Cook,2023-11-23 00:44:33,695-669-4391,e7cf28c5-f95b-4edc-a320-a14cd2eddb81,Jessie Clark
OR,Maricopa,2023-03-22 04:01:56,210-693-6963,8eb2e85f-7606-4583-be03-dcdfc06c4db8,Alex Baker
FL,Los Angeles,2023-04-20 13:40:35,973-890-7193,d5d3b21d-d686-4ddb-9902-bb54f34e496b,Emily King
WA,San Diego,2024-05-16 12:09:24,843-738-4326,104b5802-b952-482d-a2c8-a675f9d5fbb4,Taylor Hughes
CO,Cook,2022-02-21 08:38:09,773-505-2273,1e8bc004-105c-4909-8526-91ae9281eaee,Chris King
CO,Los Angeles,2021-07-13 15:39:49,863-235-8109,30e92ce5-9e0b-4d6c-90dd-5991c7589efe,Morgan Evans
GA,San Diego,2021-10-10 00:15:37,719-865-2593,e9f2d566-3c64-45d7-a4eb-70be9110c285,Jane Foster
WA,Los Angeles,2022-01-25 05:24:23,233-870-9687,2c4e7342-b27d-4270-ac40-06dc84b1e5fb,Jordan Evans
MA,Los Angeles,2021-11-04 00:31:58,226-846-1924,5ca15ec5-1ed4-430d-851a-e915221e44ae,Taylor Clark
GA,Cook,2020-12-10 01:03:52,700-969-4355,a46910b8-47f6-443c-8227-03c5139779ad,Cameron Johnson
NY,Dallas,2024-12-24 05:20:34,476-527-5255,5a68fe87-8b50-49aa-ba8d-849b6787992f,Alex Ibarra
CA,Dallas,2022-03-15 08:40:28,498-516-1758,07334b2f-d8e3-4b7a-b8fb-c9bd0ea5e61d,Cameron Ibarra
MA,San Diego,2022-06-26 04:36:48,333-560-2921,cd83142e-9719-4b50-a59e-5b752475a6b3,Taylor Adams
OR,Maricopa,2024-05-09 02:27:56,454-497-7664,aeb42993-bdce-4771-a407-7b05d5b272de,Jessie King
NY,Miami-Dade,2024-11-08 04:48:48,425-490-3084,2fba9a55-f962-4a64-9f8b-bb95c1065a3a,Jessie King
NY,Cook,2020-06-08 09:00:44,285-404-6720,d1eaff73-63b6-4947-beb9-12d48b923ccf,Morgan Johnson
FL,Harris,2023-11-29 02:12:25,715-668-7332,dea5f323-458b-480b-b069-68c1d0ca721e,Cameron Baker
CA,Los Angeles,2020-12-16 20:07:17,491-700-3056,f645fe54-2c19-4d8f-be4b-cece88728fad,Jessie Baker
MA,San Bernardino,2020-05-20 20:12:36,731-515-6103,c865011a-3bf6-4eeb-ad6e-d4a90bc89b19,Alex Hughes
WA,Dallas,2021-08-13 20:56:35,887-271-6012,89006bd5-6b50-4b25-a664-2c1f6b6b1286,Emily King
MA,Cook,2023-09-17 18:03:29,814-924-2531,b1044841-00f6-42c9-b3b5-5d28a0e204e3,Chris Foster
CA,Los Angeles,2020-10-01 08:58:20,949-906-6554,3d9e4688-b1f5-4050-83a6-f3638c97b03e,Jane King
MA,Miami-Dade,2021-06-13 22:36:48,291-332-5158,df1dc186-438b-41c9-a93f-6f24746142f9,Cameron Baker
CA,Cuyahoga,2020-05-29 19:03:32,299-782-5383,7dadcf5f-ba40-4206-b545-b1643110c7c9,Alex Adams
OR,San Diego,2020-03-17 16:42:30,426-623-3506,d050cab3-5404-46cc-b466-777c955a3499,Chris Ibarra
FL,King,2022-04-26 11:21:04,668-613-5509,76aba546-878a-40f6-8350-d0c9c138c3de,Jordan Baker
MA,San Diego,2024-11-01 00:42:46,784-401-5339,e10e3228-1c79-4e12-b6db-1ce3f86ed810,Emily Foster
MA,San Diego,2024-10-19 13:23:09,641-810-4943,4b5bc886-8437-429a-afd5-8ca9af3db855,Cameron Johnson
GA,Miami-Dade,2022-09-10 22:30:01,909-413-6941,bf0b0a6b-fc63-42b9-a3aa-be5eac19185a,Jessie King
NY,San Bernardino,2024-01-11 20:26:16,675-811-2261,b92662f4-87c5-4ff2-bf4c-56c7c086072d,Jordan Baker
MA,San Bernardino,2024-12-31 20:03:14,261-440-8702,da515bc0-3f3a-4ef8-9a35-1cf29a63e658,Cameron Johnson
MA,Harris,2022-10-08 20:27:56,204-823-9005,87f760bf-4db5-459a-ba29-d1aa1df0bcea,Jordan Johnson
NY,Cook,2022-01-05 09:38:29,368-643-6869,0eacde10-27ec-4f60-9b40-f4c482c60221,Alex Baker
MA,Cook,2024-03-31 01:48:24,336-396-4033,ce879861-8f9f-48cd-9a4f-8a827177aa95,Jordan Clark
WA,Maricopa,2020-09-05 08:33:41,257-218-6493,c9500c33-3e94-462b-8055-20acfacc9f48,Morgan Clark
CA,San Diego,2021-11-24 18:11:37,377-916-6609,672ec657-43a0-43fa-bf9e-b69ac8f5f116,Jane Evans
NV,King,2022-05-16 00:20:05,569-317-9043,7e289246-e9e8-4a4c-b36f-2a912690a64f,Jane Adams
NY,Cook,2021-09-24 00:48:57,395-403-4971,a813e5f3-7ace-44f5-89a2-0c5701bdcdcc,Jessie Hughes
TX,San Bernardino,2020-11-22 06:49:28,484-962-7727,4ec9348a-5034-4aec-b745-fe6778979253,John Baker
NY,Los Angeles,2020-03-29 09:28:41,336-758-4725,9c4c4ca3-0de6-4376-9e13-ad952312c8e5,Jordan Ibarra
GA,Cook,2022-08-19 06:08:22,731-555-5413,108d2948-6bb1-4434-afd6-7ce44a78cb53,John Ibarra
NV,Los Angeles,2021-12-20 06:51:41,228-256-1899,6ac85750-0494-4d06-a640-8e4b4e4b8e71,John Foster
CO,Dallas,2024-05-14 07:06:20,317-999-4417,d2a2744e-e035-4daa-a057-621fe7782f49,Jordan Johnson
CO,Los Angeles,2021-01-04 15:31:50,735-507-3886,22f7a497-6ec8-4b24-98a5-5d81ce93110e,Alex King
FL,Maricopa,2022-06-23 04:55:23,802-247-5979,82d8eb46-93a3-42fe-b541-f9381159cfef,Alex Clark
OR,Los Angeles,2022-09-09 11:05:36,699-206-8425,00e79323-da42-409c-8090-103b02930416,Emily Adams
MA,Cook,2023-03-01 02:38:47,773-790-9703,e2c86dc9-e169-49be-aa24-e191a0962b80,Jessie Gomez
NY,King,2023-12-20 00:46:03,954-210-8638,5cdf7404-f47d-421a-9895-c512f56f7501,Jessie Evans
NV,King,2022-07-10 21:26:09,296-221-6611,92d4eb6c-1bfa-4505-a30b-6e2bd5ea5070,Jordan Evans
TX,San Bernardino,2022-11-11 01:11:41,311-811-3044,1cd51acb-cfc8-42cf-b6af-2ae6dce1821a,Taylor Gomez
FL,San Bernardino,2020-05-02 10:55:02,968-263-2835,7b060dc5-9d53-4e56-b7be-9deed0baba48,Alex Adams
NV,Miami-Dade,2020-03-19 18:23:55,996-764-9529,b90e49af-3628-4ed2-861f-f3a868fc1908,Jane Adams
TX,Cuyahoga,2022-10-15 16:14:32,475-514-4750,f836a68d-8380-416e-bea4-d39347facd18,John Ibarra
FL,Dallas,2021-06-04 07:06:29,448-566-3804,21fa6549-e59f-4ec9-bf26-5750f23a2f5e,Cameron Evans
MA,San Diego,2020-12-28 22:17:00,586-403-3160,50fcbf72-4e31-4485-aa34-45eeb0efbf60,Alex Hughes
NV,Los Angeles,2022-01-22 03:50:39,521-289-7273,c1282bcf-f90a-4bc8-946b-ca29b5eff0c2,Jordan Hughes
NY,Los Angeles,2023-08-16 17:02:10,362-269-2614,faa89e3a-8fec-41f4-8f5b-bbdea965dd36,Morgan Adams
NV,King,2023-03-24 02:25:05,926-445-8001,781763b1-565b-410c-a070-19ec4a44d530,Taylor Gomez
WA,Cook,2023-03-06 04:15:30,868-855-4689,dbcecbf3-defc-4af8-a318-27422dd9e51c,Alex King
NY,Miami-Dade,2024-08-16 22:09:41,296-262-5230,f9e84a59-ad4f-4eed-8458-b2a96057137b,Jordan Baker
FL,Dallas,2022-06-22 15:55:16,431-804-6304,95c64ad5-3fdd-4905-86df-98d6c7e4ec64,Jessie Foster
MA,Los Angeles,2024-06-12 01:10:11,340-923-1352,fe72dbff-3898-473a-9844-bec842083308,Emily Evans
OR,Cook,2022-10-04 08:53:05,523-571-1406,457fe6a1-0420-4cbc-bc67-6d7145693617,Morgan Hughes
GA,Miami-Dade,2022-09-16 14:06:47,825-213-2654,f976f240-fc32-4863-8617-36f287a18142,Taylor Gomez
TX,Los Angeles,2021-05-24 17:44:15,710-362-1856,911840a9-5668-4500-b608-f3b538932027,John Johnson
TX,Maricopa,2021-09-30 17:49:52,390-330-9077,d491fa32-443b-4ef7-9fc1-48defe2e7d64,Jordan Baker
CA,San Bernardino,2024-08-30 15:35:41,901-284-6791,1782d658-c7a4-494f-944c-5cb40768f433,Cameron Adams
NY,Los Angeles,2022-06-11 14:00:46,617-895-8959,7a029119-e86b-44d1-998c-987ed9ef9cbb,Jane Johnson
FL,Cook,2021-05-23 15:39:16,670-842-8419,cb769cc0-a882-429c-bd74-10a166f8b720,Morgan Baker
TX,Maricopa,2023-11-05 07:50:21,884-863-6337,d87f384c-6bcd-460b-9f79-d8d54b7b8855,Emily Baker
NV,Cuyahoga,2021-07-02 00:04:16,833-830-2948,49d61a6a-fc87-411a-88e7-4f99a89e620b,Morgan Gomez
OR,Miami-Dade,2024-10-27 16:24:44,281-258-7389,a5052e2f-7807-4b5d-acf6-afb8ab26aac9,Cameron Gomez
OR,Los Angeles,2021-01-17 06:03:24,716-400-5991,b582b3be-1c03-4e82-b39f-fde6aa366b5d,Jessie Adams
FL,King,2020-10-13 09:56:39,629-919-4965,aafc8541-7e47-4c18-b17d-85054d681f6d,John King
NV,Los Angeles,2021-10-25 12:59:11,764-715-7028,a3e498d5-3cb6-422e-894a-ed7a256e8fd6,Chris Gomez
TX,Dallas,2020-04-01 21:47:42,664-615-5884,0a7c024b-48c5-4f39-8040-baf72ac2783b,Jane Ibarra
NV,Cuyahoga,2020-07-05 04:53:57,263-643-4962,2ec831e0-c006-4cd1-84da-d5f649cc08d8,Emily Foster
CO,Maricopa,2021-12-01 02:48:05,779-986-3357,2d2aa825-e90c-4cd0-a0de-251d2ff11060,John Hughes
MA,San Diego,2023-12-21 11:03:33,860-891-8542,4721fc81-5310-4ee9-af5c-ed42da8d0fa2,John Baker
GA,Dallas,2024-12-16 14:56:29,761-287-2211,a682d671-e0bc-4780-a4e6-3a4d1d20ce32,Morgan King
NV,San Bernardino,2023-10-11 01:07:48,468-899-8543,17066fe6-1587-458d-9fec-53e2b3c69f95,John Clark
OR,Cook,2020-10-21 15:29:26,312-324-8033,4e48afee-3f92-4fe0-a6ff-8b3be60fadde,Jordan Adams
GA,Dallas,2024-12-30 19:32:02,666-852-4289,2bbc1878-3a50-4f95-889a-8ae78b14e340,Jessie Evans
OR,Dallas,2024-11-21 10:09:52,628-743-2144,5538b3f7-14ad-49f1-b1a8-1f8588943407,Emily Clark
OR,Dallas,2021-01-10 03:15:34,884-855-9106,c4e5c483-a8a8-47e8-9ce2-00b5699a0120,Morgan Johnson
TX,Dallas,2021-12-30 20:44:03,740-783-8418,7f2375b5-dcf4-4b8e-8058-cb923bd0e63d,Jordan Adams
CA,Cuyahoga,2023-10-25 02:29:32,613-581-7257,c579ca50-289b-4d8e-be88-751c92619ded,Jessie Johnson
MA,San Diego,2023-12-31 08:22:08,775-458-8207,ae2ff748-87b8-41e3-a1b6-3ac7e4dea1e1,Morgan Adams
WA,Maricopa,2023-07-03 01:50:41,685-488-4660,2457b8a9-876b-44e8-929d-daa3c4c14e86,Jessie Foster
FL,King,2020-02-10 13:19:36,652-861-5995,f7efd549-44d9-49ee-82b7-a8bfdcb91c52,Jessie Clark
CO,King,2022-10-15 02:35:17,235-692-6913,7a831315-359a-48f4-9347-2aab57e9ebfa,Morgan Ibarra
FL,Cuyahoga,2020-07-12 21:26:47,908-815-7869,5e34d67a-6895-4f2e-955f-2045832cbcc1,Alex Ibarra
GA,Miami-Dade,2023-03-13 02:19:52,913-693-5177,fe72e2cc-ef4a-4a72-adfd-ad6b91df54dc,Taylor Hughes
MA,Maricopa,2020-02-26 16:25:31,338-962-7194,c9aca086-0275-436c-b311-426d2e9d87f5,Jane Foster
NV,San Bernardino,2024-01-12 20:51:24,879-366-4923,0154c588-1955-43cc-bd09-fb3515aea9ed,Alex King
CA,San Diego,2021-04-18 02:40:59,296-763-4251,6b1abf42-aad7-46d2-a86c-a2c31f6d8b72,Taylor King
MA,Maricopa,2021-09-01 13:50:48,639-405-7357,7be31f99-1f60-4316-9a73-973eef93c7a7,Jordan Johnson
MA,Dallas,2022-03-17 23:31:47,418-793-3293,3dbd5e9b-762b-4230-b710-72f159b6e580,Emily Clark
NV,Cuyahoga,2024-08-12 04:18:39,343-381-1126,6c64efc9-b229-43e3-bcbd-81926db3bda1,Taylor Evans
MA,Los Angeles,2024-07-22 20:43:15,552-358-4801,f91583c2-6ef3-41f9-98ca-d78289333fb8,Cameron Gomez
MA,Dallas,2021-03-26 23:18:23,452-892-2984,18dd140f-190b-4e9b-a793-bb74916f290e,Jordan Adams
WA,San Diego,2023-04-19 21:45:48,825-366-1304,984d8710-839b-4086-88de-c9a6061d5064,Morgan Ibarra
CA,Harris,2022-05-18 01:15:19,474-996-5254,24dc7992-c6d6-4ab0-af6e-1feded601649,Chris King
TX,Maricopa,2021-11-06 13:24:07,344-484-9987,92d6e86c-f250-4ecc-b0c1-55b5c67050a5,Cameron Ibarra
NY,Cook,2021-06-27 14:21:46,933-862-8293,87609221-295e-45f2-8ad2-20ec8117630a,Cameron Hughes
FL,Dallas,2022-10-11 07:16:17,671-453-1190,0a200bbe-7dfe-4bb0-8f89-4baf92ee6821,John Johnson
GA,Dallas,2022-03-30 07:58:56,203-507-4308,58d25251-1caf-4bf3-8b57-b56a88f2e810,Jessie Foster
NV,Cook,2023-03-06 19:31:48,321-455-6450,185b3ee3-6542-4189-bd99-2ec2a0e5d9e7,Jessie Ibarra
MA,Miami-Dade,2022-02-26 08:23:23,576-665-7635,81d1a60c-0dc4-4f69-bd3c-62ae17078e41,Taylor Hughes
TX,King,2021-09-25 06:09:59,289-772-3220,47f507ae-4800-43e4-9655-87a8f85bd905,Jane Baker
FL,Miami-Dade,2024-04-03 20:17:05,566-413-7428,bfb679c0-0915-4cdb-90bc-dabe9c513d8b,Morgan Baker
TX,King,2021-11-08 14:11:42,849-615-2478,c68837be-4853-40d3-8923-dfe9f18eddf6,Chris Hughes
NY,San Diego,2023-06-15 03:42:55,494-890-1274,9c79d81d-11a8-4315-a621-09c4ccca8f45,Alex Clark
WA,Maricopa,2024-07-17 20:50:26,386-825-6494,442cda2d-48ae-40dd-9c2d-08e9a8044999,Cameron Foster
MA,Cook,2021-12-12 01:52:48,744-737-5014,658a78f9-916c-4e8f-be22-f3f622a1202f,Jane Johnson
TX,King,2021-04-21 01:04:11,804-242-3669,35633562-f7ff-423f-ba34-276e3744af18,John Hughes
WA,Los Angeles,2022-11-25 11:58:25,993-634-7365,c2eb6871-9098-4ba1-8fa3-5d1389021029,Jane Hughes
GA,Maricopa,2022-08-05 18:52:28,974-781-4967,41ee46f4-4f63-4942-8bbc-7f3d1ea28f04,Jessie King
GA,Harris,2021-03-07 09:29:31,602-789-1767,b29bbacf-fbe7-4e14-b992-25eff086c77a,Jessie Clark
GA,Miami-Dade,2020-01-06 12:57:57,684-585-4699,b8e8dd11-1353-4b62-a610-2b2f9b1e1b48,Cameron Hughes
TX,Miami-Dade,2024-03-25 12:14:01,315-725-9254,4119db55-81ba-49bf-a8b6-a6d9beccba3d,Morgan Clark
CA,San Diego,2020-12-04 21:59:24,265-975-2238,bf54d37c-f9c8-46a0-9c21-217daada7ffc,Jessie Clark
MA,Los Angeles,2020-11-14 16:55:31,650-529-1421,f2a5f4b9-0d93-4b01-b479-7d86f79cfd65,Taylor Johnson
CO,Harris,2023-02-24 00:49:15,443-279-3404,d48c99ee-301b-4b3c-acef-ab3e0ea65035,Alex Baker
GA,Los Angeles,2023-06-02 01:14:48,253-245-1473,c21eb68f-83c9-4119-a217-e45e0e723f29,Cameron King
TX,Los Angeles,2021-06-20 18:37:50,996-794-9826,29ab6af9-b82b-4617-9087-5d30b609344a,Emily Johnson
NV,Cook,2020-09-17 21:12:34,544-239-5579,3894b395-dc8c-4717-aafa-3b6665d79267,Cameron King
MA,Maricopa,2023-05-30 19:27:17,867-503-2411,bd60e1f7-54d3-4b5b-85d1-a2fa073e4c87,Chris King
WA,Harris,2023-02-14 13:39:30,456-237-3905,59bc78dd-3557-4e45-aeca-1b544a0a3519,Jane King
NY,Dallas,2020-03-16 22:20:39,633-248-2991,fb766d74-65b8-4a81-a461-f1563a6942eb,John Ibarra
GA,San Diego,2022-09-20 21:38:32,999-823-2993,3ef9c2b4-7e02-4f17-91d8-077acc603de0,Chris Adams
OR,Cuyahoga,2024-11-30 21:28:57,417-243-2936,a5d89737-8b57-4bc3-b530-eb92352b1c24,Taylor Hughes
TX,Cook,2021-01-25 03:39:33,352-398-2137,6587d350-ef7c-44d3-b8cc-ecc51e9e398b,Taylor Gomez
TX,San Bernardino,2021-02-11 19:42:31,615-605-7389,3d7e8c92-cb5b-4b16-bc63-f1126fbdb174,Chris Gomez
CA,Harris,2020-01-25 17:41:13,585-850-4867,aebb1573-e25a-4884-bd05-f1426c8b0f2b,Jane Evans
MA,Cook,2023-11-13 18:35:40,808-391-2385,b7af2592-0058-4e46-826f-346d0d864177,Cameron Adams
NY,Cuyahoga,2021-07-26 21:05:35,349-671-3454,8917c251-ae1e-4cf9-83d2-a9e938a51a28,Jane Hughes
WA,Maricopa,2020-10-05 05:59:14,579-409-1740,bd0edcb8-8e07-44d3-8bd1-7c16f17ffeb5,Alex Adams
OR,Maricopa,2021-11-19 12:24:58,488-894-8135,be0d5d71-e971-4200-a2e8-f95944eb4ce4,Morgan Baker
CA,King,2020-04-23 09:11:24,783-532-7245,751033e7-3aa7-4a61-b8dc-80683e9bd221,John Evans
CO,Miami-Dade,2023-11-20 12:40:44,472-647-9214,7cab4d0e-40ae-4d38-a6dc-b8df607f70f0,Cameron Ibarra
GA,Cuyahoga,2024-07-19 04:24:52,438-391-9847,126029a5-1daa-4ae6-8bb8-499255f4f388,Morgan Adams
WA,Cook,2021-02-11 06:51:51,541-833-2868,5f59ab24-a545-409e-9e53-f5f17b4b83a7,Jessie Evans
CO,Miami-Dade,2020-11-26 23:37:20,208-927-2621,8ab3d59e-2464-4f17-930e-655d78f64729,John Ibarra
MA,Cook,2021-12-02 01:14:16,978-396-5101,56cf41b3-31e0-40b7-bd88-e83655a9d9f1,Jane King
WA,Harris,2022-04-20 19:33:36,992-654-3216,8635460e-7dd1-49a4-896c-86378514051d,Chris Johnson
NY,Miami-Dade,2024-07-08 20:32:03,597-777-8956,17661f39-b2df-44ee-84f9-1a81fd404208,Taylor Ibarra
FL,Cuyahoga,2021-12-07 15:15:19,373-943-1649,75885ee1-0bea-4c35-86fa-1d89e333ef3f,Jessie Evans
CA,San Bernardino,2022-05-02 05:12:41,284-699-8345,b8c99443-70a2-4ae5-a8e2-5efa61c4d845,Jordan Evans
MA,Miami-Dade,2022-10-24 10:58:09,684-428-4039,105e227f-0fdf-42a8-9cb0-b5e7ab15ae33,Cameron Baker
FL,Cook,2022-08-18 06:08:09,509-704-8339,00944bcc-5a84-40e8-8406-e9670d9589cc,Jordan Clark
OR,Cuyahoga,2022-11-03 04:31:20,762-695-3752,fa540e41-6ce9-4611-b408-6a7c29d42e0e,Chris Gomez
MA,San Diego,2020-03-08 15:30:14,478-257-7132,ce68c551-0562-4f97-9959-c01e97f36276,Emily Clark
MA,King,2023-05-29 06:26:31,425-384-1214,df7703b6-6961-443f-b496-67e1fb9ae46b,John Foster
CA,Cook,2021-10-15 13:17:12,962-542-1090,990ce36f-714c-440e-96d7-5e125efef4f8,Cameron Foster
OR,San Diego,2022-10-21 18:30:32,527-562-1700,cdd4d2a1-b5e8-4454-a994-b2ad4d8ee5b3,Taylor Evans
NY,Cook,2020-08-06 18:07:25,544-734-5202,b00bc324-ec3f-4e14-8711-02845ae2e29e,Morgan Gomez
NY,Dallas,2022-02-08 20:53:45,377-518-5637,e2574286-65ab-4876-ae5b-76b4f1d1c0ee,Morgan Evans
MA,Harris,2022-04-19 13:06:47,473-710-5918,e74833bb-e4f2-4bc3-9354-0bd829df4a07,Jane Baker
NV,King,2021-09-21 11:23:42,489-757-8590,7e0116a9-b466-4254-af1b-dcd6843cecab,Chris Evans
WA,Miami-Dade,2023-01-11 17:08:17,916-845-8657,267b2d26-1999-4f34-8068-06a262a1a47e,Jessie Foster
MA,Dallas,2020-01-22 19:27:02,750-534-8020,843fd882-f7e9-4e88-8936-b11a76e2cbb1,Chris Gomez
MA,Miami-Dade,2020-02-21 14:43:00,244-683-8275,346c71ff-65d6-4c9d-96eb-e155220ed503,Emily King
CO,San Diego,2023-05-03 21:20:53,908-611-5562,aee8dd73-4ce7-44be-b5ce-084d7b1121d4,Chris Clark
CA,Los Angeles,2023-11-03 21:36:33,832-486-9066,f0aeccad-8dda-49cb-bf5a-23b5b41a18af,Jessie Adams
GA,Cuyahoga,2022-01-28 16:27:13,886-931-3967,6e0e97c3-5f4c-4b0c-b3cd-9e62acdbf7f0,Jordan Foster
WA,Miami-Dade,2022-01-16 05:18:32,631-771-2102,f1220575-3b13-4188-b0ff-8cac3c574a7a,Jane Clark
CO,Maricopa,2022-07-02 17:09:55,936-989-2755,4f227014-8dcf-4ec1-8fb7-062bca07c9c9,Emily Clark
MA,Miami-Dade,2023-12-14 20:18:06,216-556-7649,cc6d03f9-45b7-4206-a820-399ca97e3d16,Taylor Baker
NV,San Diego,2022-04-08 11:21:32,950-335-9054,a20c7ecf-f3a9-465e-91a6-99d51a4dd28f,Chris Foster
NY,Dallas,2022-03-17 20:05:39,691-424-3692,91e8e7bd-3e87-44b7-a44f-c9333e2750a8,Jordan Ibarra
CO,Harris,2021-09-13 02:12:21,374-805-6912,3ec26230-f859-40a3-843c-0a5e134dfca9,Cameron Evans
MA,King,2020-05-18 03:48:04,602-849-4634,8622a238-6898-47bd-8ae2-ce1852a03ba2,Jordan Adams
FL,Dallas,2022-03-07 09:05:27,319-476-4346,8e93eae4-018e-438b-b03a-75b829424b26,John Baker
CA,King,2020-06-02 01:07:08,211-777-8552,07c0266e-12f7-45dc-916a-f92b7923052f,Emily Clark
MA,San Diego,2021-03-19 08:42:02,751-289-3752,afb1f781-2205-4200-aa5e-fd45c4046776,Morgan Foster
NV,San Diego,2021-02-13 10:29:02,660-357-1158,5aed9f00-d01e-4838-9077-c534f54a88ec,Morgan Foster
NV,Maricopa,2022-06-12 10:20:20,844-636-9407,c3a489ed-6b24-4b42-8d2a-3ab503392278,Jessie King
TX,Miami-Dade,2023-10-16 05:51:39,305-890-4173,cc8e526f-3a53-426a-8e5a-b57bdd76fc4b,Morgan Evans
TX,San Bernardino,2022-08-01 16:54:34,634-231-9807,71123c65-8688-4684-8f27-8fd950e9ac32,John Evans
CA,Cook,2022-07-27 04:16:40,338-360-2045,9f42322e-2299-456a-93fd-7bd7a69fa5d2,Jane Adams
TX,Los Angeles,2024-10-01 05:59:10,230-859-5432,2f78015a-cccb-4b26-9f51-b33197b906a5,Jane Evans
CO,San Diego,2023-01-01 18:04:31,439-466-4547,d6387e94-3171-4789-abe7-3605b9edb34d,Jane Gomez
OR,Maricopa,2024-04-01 16:21:51,255-444-5337,425bce7a-9682-4c55-badf-b598eba5fc0f,Jordan Hughes
CO,San Bernardino,2023-11-20 04:32:34,676-469-4346,97d2a044-bffb-4a1b-a451-020b354ba231,Chris Ibarra
TX,King,2023-02-12 21:00:45,608-699-5963,0199fe92-4cf8-43bf-bbf0-10a91131c3ef,Taylor King
TX,Cuyahoga,2023-09-17 22:00:57,274-376-5799,04abbc96-1973-4413-a48c-8c67b4c9fa49,Chris Johnson
CO,Los Angeles,2022-05-07 22:13:28,824-613-1451,620a2eeb-836e-43ae-b3e6-bf86998ef60c,Taylor Baker
CO,San Bernardino,2023-05-23 01:59:03,447-820-8996,b43f3cd9-74c4-4a04-bb89-193b03c8edf4,Emily Evans
TX,Miami-Dade,2021-05-19 20:38:40,740-893-7308,cda7a199-8dfc-427f-b3c5-16b053241700,Chris Clark
CA,Dallas,2023-02-16 01:41:27,274-741-9499,daf641f1-4196-4e8b-9056-a00e3dbe934b,Alex Baker
WA,San Bernardino,2022-02-13 05:19:27,289-621-7456,1ba7d0ca-433f-4c8c-8afd-a0155149a446,John Adams
NY,Harris,2022-12-29 00:31:14,845-333-5549,e18ed35a-f215-476f-8d62-ce9a6cb2e4aa,Chris Foster
MA,Dallas,2023-03-19 02:28:02,414-894-3700,c1629f84-7013-4e33-b43f-eaaa84440c87,Jessie Hughes
MA,King,2022-09-06 18:44:24,596-796-8213,12da8c8a-a490-4142-9aa9-cb2050c4e644,Emily Gomez
MA,King,2023-09-19 04:29:47,780-253-8172,dfa04d1b-025b-45e2-8029-be10741f37af,Chris Hughes
OR,Dallas,2023-05-16 03:34:48,671-376-7450,28e54b25-8e8c-41d6-ab5d-fc8dd643b6da,Jordan Gomez
GA,Maricopa,2021-05-15 10:29:34,852-782-9860,40751692-c97f-49dc-8de6-4fb3e9b40d1f,Chris Adams
OR,Miami-Dade,2024-09-18 01:37:58,998-803-4572,c685f98e-8839-44be-8b04-75f483edd88e,Morgan King
GA,Cook,2024-01-27 02:30:19,716-663-4474,969ae44d-2820-4425-a882-00c12c749ea4,Cameron Clark
NY,San Diego,2022-09-23 02:49:51,853-624-2680,ac4c301b-ddf1-4ecc-8db0-5bac9f458e61,Jordan Baker
FL,Los Angeles,2020-10-21 16:34:58,407-751-2478,4c7c22d5-966c-4f07-a6d9-08e9694eef3d,Morgan Baker
GA,Cuyahoga,2020-10-25 06:55:49,937-328-3178,778104e3-14c2-4118-8710-65bbc8c7cbf2,John Baker
OR,Los Angeles,2021-06-03 14:16:57,359-812-4058,739a2bd6-5617-42f6-8300-a324f97993de,Cameron Gomez
TX,Dallas,2023-06-11 01:25:51,895-338-6359,69439051-ebaf-4cd9-bda0-5e72a55e7922,Chris Hughes
NY,San Diego,2023-10-11 16:35:04,468-989-1320,f3bcb4c6-6b49-472e-9d18-250d9d87482e,Taylor Evans
NV,Miami-Dade,2023-12-12 04:10:52,497-309-8911,29594397-79e9-42fe-a5e7-4e698e510196,Alex Ibarra
GA,Cook,2021-02-02 15:13:07,727-555-6101,b73b49dc-9f25-49bd-930c-3eba65483290,Jordan Ibarra
MA,San Diego,2020-08-28 09:57:24,592-745-6266,56525b9b-6945-473b-b121-c9125b5ea27a,Jane Hughes
OR,Los Angeles,2023-12-31 12:10:40,469-869-2320,310e4935-14b2-46db-ba88-13daa533b1a5,Morgan Evans
WA,King,2021-01-20 15:47:11,824-610-3518,fad34d09-f13d-4fad-8526-46bc60198995,Jessie Johnson
CA,Cuyahoga,2020-11-27 23:33:13,744-617-2092,94b6d0fc-d88a-45fa-b4d2-cb57f4b05da7,Jordan Foster
MA,Harris,2023-01-28 02:28:15,697-775-6165,ac33fec9-0dce-4edf-b9ac-4feff3860fa8,Jessie Evans
OR,Maricopa,2021-09-19 05:46:59,637-667-1360,eb6ec8c1-fe4b-46ed-82ca-05c6c1216fcd,Jessie Evans
CA,San Diego,2022-12-06 15:49:06,773-925-3846,cfe48753-88ba-45e7-bea5-db530f753790,Jessie Johnson
NV,Cook,2024-02-18 05:18:38,779-200-4020,a1587c2a-1f46-4f97-9d4d-23c47ee75d17,John Adams
GA,Maricopa,2022-07-24 09:47:02,756-585-6648,9231457e-64f0-4c46-a771-7afec5e50523,Chris Baker
NY,Dallas,2022-04-09 03:29:53,433-226-8731,72d33eab-d0e3-46b9-855a-dfdc14409340,Morgan Johnson
NY,Harris,2024-12-14 17:58:33,609-541-9158,ece215f1-e3d9-464f-9f93-8980b5c51ff6,Jessie Foster
MA,Dallas,2023-02-13 01:44:53,772-260-7977,2202879f-5ba9-48be-a9d4-f863414efdf3,Chris Hughes
TX,King,2022-10-27 01:28:50,485-224-5455,bb0c8814-379c-44b1-a801-acd23a1cd014,Jessie Evans
WA,Maricopa,2024-06-09 15:10:15,934-431-5125,4454f802-55a0-4cc9-822e-19eaffabf243,Jordan Evans
MA,San Bernardino,2024-10-13 15:14:47,568-836-4754,22e5b9c5-4ede-4d96-9399-0192bf270d41,Emily Johnson
FL,Los Angeles,2023-02-19 08:30:15,216-377-3942,cb74c042-e416-4b52-a270-cbeadf8dc78b,Jessie Clark
MA,Maricopa,2021-03-10 05:25:25,414-534-7667,f0d8a825-3700-4125-a2f3-7147b10ec6b0,John Johnson
WA,Los Angeles,2020-02-03 21:53:24,426-797-1863,b0d03fe0-120d-4c4c-b102-b4d367070cac,Taylor Ibarra
NY,King,2023-02-17 04:12:06,416-387-7553,68245b94-b241-4124-922a-cddc5d38ce6b,Taylor Adams
MA,Maricopa,2020-09-23 18:11:18,956-593-2742,fff25846-5557-43b8-a534-f5662d12362a,Jane Baker
NY,Cook,2023-03-25 07:02:40,515-514-1618,295c66c9-e8ea-40cf-bf26-23bcc2b2723a,Chris King
WA,King,2024-10-25 23:10:11,427-358-2685,37ee9dd8-300a-4a2f-8f95-0fa4bea2bd67,Alex Clark
CA,Harris,2020-10-31 18:49:29,903-480-1273,f0852f32-b48a-4662-8bcc-f456366f0d3a,Jessie Ibarra
CO,Dallas,2020-03-04 01:28:59,467-280-4547,c666c39b-ec48-4f1c-b0df-de8382ebb8f5,Jordan Baker
TX,Los Angeles,2024-02-17 01:04:33,837-950-6922,b6c98817-b1be-4fc0-8ee2-b35d1d284bf9,Emily Baker
NY,Cook,2022-04-08 22:33:48,759-637-3607,c597ed03-21cc-4f7f-b357-7070f3c640ee,Emily Baker
NY,King,2021-07-04 08:26:21,717-749-4442,3165c88f-c9a3-458f-ab6c-ebf22b8f1ec9,Taylor Adams
FL,Maricopa,2021-12-08 06:40:01,383-290-8294,808d768d-dfe2-4f94-a32d-55482576b327,Cameron King
NY,Cook,2020-05-01 01:25:24,395-769-4765,5c13bb29-ddb8-437a-a265-24ec4c349a01,Cameron Ibarra
NY,Los Angeles,2021-11-02 02:32:59,979-495-5781,0274dea5-34de-40c6-9cd0-6699419c9367,Cameron Baker
TX,San Bernardino,2023-09-14 07:45:51,593-692-7126,9006d521-2172-421c-b399-bddc722ce8ba,Emily Gomez
CA,Cook,2022-03-30 19:16:07,510-867-5955,8477ac78-91a3-4aad-a09e-9aaa1bf48099,Emily Evans
WA,Los Angeles,2021-06-20 01:58:30,729-946-3312,94101586-41ef-4d93-9eba-305107878e90,Jordan King
TX,Maricopa,2020-01-29 13:09:02,758-626-8328,21566124-fc09-4f02-8d58-3f356f75302d,Morgan Gomez
NV,San Bernardino,2023-11-16 14:01:17,862-601-5655,5c68284a-5eca-4a12-bcdf-06ac5cc5c2cc,Jordan Evans
OR,San Diego,2023-04-18 22:36:11,838-354-7800,fb375c5b-c6d8-4115-8cb1-d90aa7f8e3c0,Jordan King
FL,Los Angeles,2021-07-12 11:22:11,862-966-9154,93d2c98f-5df4-4e19-8da4-eb0d627adf12,Jessie King
WA,San Bernardino,2022-09-11 04:34:13,918-573-1478,41b44ab2-826b-4424-ba36-e054634bea8c,Alex Clark
MA,Cuyahoga,2022-06-05 10:02:09,399-780-6720,2541e275-a775-44cf-bb99-d54c6c8912ae,Emily Clark
OR,Cook,2022-05-30 12:00:54,962-372-6293,8a1dfce4-f31e-46e5-b3aa-2e5845cf1828,Taylor Johnson
CA,Harris,2024-05-02 11:34:31,846-413-5950,13bd22f2-9ee4-40fb-9251-49630eab9372,Taylor Clark
GA,Dallas,2024-08-30 17:56:39,338-425-9627,56f1a3e7-3ef5-42e5-b5f2-7553f1338bbf,Morgan Ibarra
MA,King,2020-02-21 16:20:02,559-336-6299,563825a3-e30b-4ee5-af48-e04ae23e80ef,Morgan Hughes
NY,Cuyahoga,2021-08-20 10:54:23,472-382-9377,10137f9a-2103-4ae4-98f3-0a1323cb6de4,Morgan Evans
CO,San Bernardino,2024-06-29 10:03:44,390-760-9440,93e6041e-9619-4be5-9f96-06b3c7de667d,Jessie Gomez
NV,San Diego,2022-02-07 02:21:51,396-570-5767,b84714a6-4a03-4ebf-9816-bb4d24696e70,Emily Clark
WA,King,2020-04-05 04:14:34,440-445-5924,437b4c80-7c85-4408-a76c-0aa6f1e6d11c,Jordan Ibarra
CO,King,2023-08-08 02:30:28,411-575-2842,f4ea397f-0b97-409c-bb77-77150bc0fbf0,Cameron Hughes
MA,San Bernardino,2021-03-25 03:44:40,607-933-8691,f1dda322-bef8-4d53-bc5f-0c7109e1364c,Jordan Hughes
TX,San Diego,2021-09-06 23:47:29,302-786-5119,93a47632-c0aa-4344-ad33-cffad8132441,John Hughes
WA,San Diego,2024-05-26 05:25:18,327-569-1485,14a83575-876a-42ee-9c84-8c94cfab7868,Taylor Evans
MA,Dallas,2023-04-20 18:41:42,369-738-2284,35b3ce4b-de12-41b4-8923-e6948cbf8ad3,John Hughes
GA,Dallas,2024-08-17 13:49:52,837-908-1719,2ecf4f28-a971-4717-86bd-d36189be940b,Emily Johnson
CA,Los Angeles,2023-02-19 06:20:56,898-259-5255,ab1065f9-66cf-43f0-9d57-aed9dda6de65,John Ibarra
MA,King,2022-07-11 09:17:44,315-593-5232,436cac8b-65a9-4cec-b115-45ae5b00cf2d,John Foster
NY,Cuyahoga,2020-08-31 21:56:38,887-886-9684,4fe2a1f6-a092-4e48-86a5-452fe4026e9b,Cameron King
MA,San Diego,2022-09-25 03:07:31,266-357-2528,fa352de3-9256-4339-b1e1-4bf1a6b7a3bb,Jordan Ibarra
CA,Harris,2021-05-07 20:08:35,388-331-7505,37108ecf-2085-4c41-b006-08c9d80d9a7b,Jordan Gomez
CA,Maricopa,2020-11-13 23:31:57,217-878-8172,8d33aeff-36eb-44ae-8c63-d8e56325a97f,Jordan Ibarra
TX,Los Angeles,2023-09-20 05:22:02,587-337-7373,f11d0c39-728e-4e0e-8bf4-b937d2d33a3b,John Gomez
OR,San Bernardino,2023-12-26 17:51:02,936-897-9700,31091535-b4a3-4ec5-9158-ecaaa1cac4fd,Taylor Evans
CO,San Diego,2021-12-29 18:12:58,558-852-2069,103477bf-9eb6-4f00-8460-038f4a8ca13c,Jane Ibarra
WA,Harris,2021-02-19 05:53:54,600-523-9998,0023b65e-9aa4-4639-90f9-d03ecff6b15d,Emily King
FL,Miami-Dade,2020-01-30 09:17:21,595-383-8942,3e6bb461-41d2-47ae-96f2-a4a24901ca14,Jessie Gomez
NV,Harris,2022-09-22 16:50:13,892-635-4184,2e5c9064-738b-4cf4-8d34-33bb13c896f3,Emily Baker
FL,Maricopa,2024-01-06 17:42:09,474-322-8011,eadb3d25-3970-4e0b-82f1-231cbb04b41f,Taylor Gomez
NY,Maricopa,2024-03-20 13:38:06,660-385-6788,537ddcef-baf7-4ed1-b8b0-35d3cacb3119,Jessie Johnson
OR,San Bernardino,2021-01-21 15:49:40,944-933-6392,87185fdd-6225-4e5f-99bd-6d6682ea148f,Chris King
WA,Maricopa,2024-08-16 09:08:09,254-810-4802,d2b04c1f-5431-4554-84ff-cc5b3ee3eb55,Emily Foster
CO,Dallas,2021-08-06 00:47:56,459-241-8924,7d1a5baf-0700-4342-8e92-d258272118de,Morgan King
MA,Dallas,2020-02-10 23:54:48,985-642-5187,881c96a4-73b4-4e43-b826-359111c93ae0,John Clark
FL,Dallas,2020-06-04 10:10:35,961-843-5042,29c1701f-d51f-4924-b433-3c7927bad0cc,Chris Clark
OR,Los Angeles,2020-08-14 10:11:42,803-830-3971,e6eab111-2015-4ab6-9459-c3b4ab75fbf5,John Ibarra
MA,Harris,2020-10-17 00:37:03,448-792-8947,6fe261de-8fc7-4d98-95e1-ebdca2bf7db9,Jessie Hughes
CO,Los Angeles,2021-05-16 03:51:26,752-361-5430,433116b4-7e47-4b13-a1cf-dbf1ff341a19,Taylor Ibarra
NY,Cuyahoga,2020-09-29 09:44:43,318-623-2788,e0baabf0-c3b9-4499-9fa5-9234bb192484,Jessie Baker
MA,San Bernardino,2023-02-04 12:58:55,677-560-3536,9ebc9bd8-785d-4026-bbeb-d8791af660d6,Jordan Hughes
FL,San Bernardino,2023-05-29 13:35:59,733-621-1251,eb6344f9-a650-4b48-b1c8-ca0f656db8e3,Emily Baker
GA,Dallas,2021-02-27 21:48:32,874-438-7486,01bd33bf-4266-4998-9668-a783e67ba703,Emily Johnson
CA,San Bernardino,2022-05-16 23:40:25,321-461-4513,df16e44f-74f7-472b-9a60-46f17a815cd6,Jane Clark
TX,Cook,2020-05-30 00:03:59,975-351-2130,a9f58f84-8442-450f-a51a-1fbc33f58b63,Morgan Foster
OR,King,2021-10-12 02:20:59,700-470-9266,801365dc-e9cf-48b4-b599-473b6988bd69,Jane King
GA,Los Angeles,2021-10-18 12:57:40,866-257-4915,9283016a-40e6-445d-bc6c-16d4bfd532ff,John Adams
MA,San Diego,2021-06-26 19:21:08,365-483-7579,30923cd4-0b76-44d1-b535-456500cf97b7,John Clark
TX,Cuyahoga,2022-06-26 16:48:48,499-724-1339,2e948567-5dec-4ef7-8f2f-02ce6d52b79d,Jane Hughes
WA,Los Angeles,2021-04-02 05:02:08,374-350-1778,45115d14-d39b-4a00-b937-ddf1bedaa144,Cameron Baker
NV,Cook,2023-09-02 17:02:57,225-542-9851,7dc13d66-c11f-4fdb-8b24-b47e7491edd3,Chris Clark
CA,Cook,2021-07-08 00:08:41,670-273-8367,2398eade-7281-4815-a02d-067ce613f821,Taylor King
GA,San Bernardino,2022-07-21 13:26:33,381-791-1463,d1cefa31-5597-4ae4-8920-da8a2167d94b,Morgan Adams
NY,Los Angeles,2022-04-30 06:35:33,368-456-1340,b02f549d-5951-4168-8325-9a0d810d2fb5,Morgan Gomez
CA,Miami-Dade,2020-09-26 00:55:38,999-924-7109,a32b979c-f099-49bb-8e37-687310a2d7b3,Emily Adams
TX,Cook,2023-04-02 16:47:27,427-619-8204,2b15ded3-cc18-48fa-9368-aa5eb9488f4c,Jordan Baker
NV,Miami-Dade,2021-08-12 10:55:51,575-212-9783,9301c0d3-cc65-401c-92e5-1e4691086d7a,Taylor Evans
WA,Miami-Dade,2020-09-13 00:25:11,386-346-7394,9b916bfc-7caa-49a1-8a86-d7b22687d261,Alex Ibarra
CA,Los Angeles,2023-05-04 07:25:37,954-402-2037,7085ad47-006b-4f88-995c-e8b4bc743f93,John Hughes
NV,Los Angeles,2021-07-03 16:19:37,520-824-2517,85556131-38e3-4ea1-80bd-47422dfdda63,Jordan Ibarra
CO,San Bernardino,2023-08-15 07:22:14,941-494-4338,a918a3e7-8313-4cb7-876a-8cd1dcd59fb8,Chris Gomez
FL,King,2023-12-25 13:42:58,797-384-5870,07630bc5-dea0-406e-9878-3639b005d8eb,Alex Clark
GA,Los Angeles,2020-09-15 21:39:16,734-956-2193,e287967f-7486-4ccb-a780-62a2834a755d,Chris Evans
CA,Los Angeles,2020-09-24 13:05:21,358-373-3727,9b5346fc-09c7-4d9c-8990-d19d7c2d19fc,Alex King
WA,Cuyahoga,2023-06-08 22:25:10,899-806-2012,8f155d40-424b-42c6-b106-bb5aaf254a5a,Chris Evans
TX,San Bernardino,2022-12-06 07:51:18,859-915-8881,b9a29f29-508e-4b63-b683-c52e7db84217,Taylor King
MA,Los Angeles,2021-06-23 04:44:59,961-435-7364,c677ea38-7508-4901-98e1-67047af02a5c,Taylor Foster
MA,Los Angeles,2021-02-22 10:09:24,462-823-2007,95ed0f84-01f8-4a44-a55b-af619d5e8983,Jessie Gomez
MA,Miami-Dade,2022-10-01 16:55:33,436-679-8833,9c9b51c6-445c-4104-8959-8a2c3ebce032,Jane Foster
CO,San Bernardino,2020-10-14 14:02:45,669-693-2252,8f4429c6-c143-4d52-a629-2873c8e19022,Taylor Foster
CA,Dallas,2020-12-28 00:31:06,275-293-2145,08248fdd-6376-4204-8c86-b74401dfcf70,Alex Gomez
WA,Maricopa,2020-08-19 09:45:41,791-719-2045,c037837c-d4bd-41f9-a352-e16d2f10bb8d,Chris Johnson
NY,Los Angeles,2020-11-07 18:43:52,726-486-2988,5f21e4ea-d83b-4544-b395-be692f0b0b48,Chris Evans
MA,Miami-Dade,2023-12-09 19:01:46,851-690-8765,2bf93818-68e3-46d5-88ff-b8933b92fa28,Jessie Foster
NV,King,2021-01-03 20:13:58,539-837-2363,e4ceccc0-2490-4b59-a0fc-24b422574ea7,Jessie Adams
MA,San Bernardino,2022-04-07 05:19:51,893-527-3789,857492cb-ad08-4029-b344-a9ab0aa69d63,Jordan King
CA,Cuyahoga,2024-10-08 16:41:25,850-864-4718,473adf2f-399f-4b9c-91b2-ff8685a96670,John Johnson
WA,San Bernardino,2022-01-24 12:52:37,960-439-5171,31ad4602-6210-44c4-955d-339f2b9ab893,Jordan Evans
CA,San Diego,2021-04-08 07:16:35,231-758-7089,d161a247-7c00-418c-b829-6ad372ba10a1,Cameron Evans
FL,Dallas,2024-04-21 05:20:47,516-511-3032,61d4dda4-c87b-4cc0-a0b3-d3213d4d6a14,Morgan King
TX,Cook,2020-02-02 16:47:55,983-746-9591,e36f81d5-f6bb-4565-a3cd-fcb0ef820e6f,Taylor Clark
MA,Miami-Dade,2020-05-29 14:01:23,820-943-1037,7ab85378-6afb-4a7c-92f1-0a84e52eced4,John Adams
CA,San Diego,2023-07-27 05:53:08,817-692-9541,760df525-521d-4dae-9dbe-f575b30912da,Chris Johnson
NY,Maricopa,2023-06-25 01:43:16,489-949-4648,ae840b11-b169-4690-aa0f-d79591a8f5eb,Jessie Clark
OR,Miami-Dade,2021-08-08 14:15:13,620-876-3023,f4d44eb0-1d33-4fba-9801-76c29ca04cc8,Alex Baker
OR,Harris,2023-12-11 15:33:48,707-801-3184,e5d5bc8f-f38c-42ea-901e-9493df3956ac,Jordan Clark
TX,Los Angeles,2023-05-16 00:34:38,645-516-4761,0f0e0f38-f3af-49cf-8b38-a01c70696ce9,Cameron Evans
FL,Maricopa,2024-11-15 05:36:38,772-237-3362,ee57cdce-c065-45c0-a243-feec87e0e940,Jordan Hughes
FL,Miami-Dade,2020-03-08 15:58:11,217-449-8844,8c1b907b-de27-45fd-982e-3f15787cca02,Jessie Ibarra
GA,Cuyahoga,2020-03-01 00:14:06,385-871-3315,da34a4a5-7cce-4926-8ae6-0a2560205a96,Jordan Foster
CO,San Diego,2023-05-26 16:00:06,727-935-4217,982e028a-732d-45dc-b90d-217574969008,Emily Adams
TX,Miami-Dade,2022-12-02 15:09:59,926-599-6606,4f9654f5-6bdf-480c-9eba-49d6807826fc,John Hughes
CO,Miami-Dade,2020-02-05 14:51:51,821-264-7972,c5e771af-1299-4a69-b16b-23b85a8bf34e,Cameron Hughes
WA,King,2022-03-31 12:10:35,293-814-6599,83214d01-7f7f-4d6a-b58c-bcfecee263c4,Jessie Baker
GA,Harris,2022-05-04 02:01:46,666-247-2695,e65212e3-1063-4b39-9806-1c0798245624,Taylor Adams
NV,Dallas,2021-06-02 21:33:26,681-684-2079,4148cacb-e0b6-4a9c-9e0f-6f91df08412a,Emily Gomez
NV,Los Angeles,2020-02-22 10:33:34,484-450-6412,3f41ba6c-9d6c-44c5-882e-dc69d11e91f8,Chris King
FL,Cuyahoga,2021-08-13 11:39:44,815-925-4157,698e56c0-ca0f-4788-97df-b25efc2aa3f2,Jane King
TX,Cook,2021-10-26 22:50:49,652-222-1250,14dbe0fb-d688-4142-bfb4-c16639916649,Chris Foster
NV,Maricopa,2022-11-29 11:11:31,506-990-1069,bed1db42-5e53-4135-a49d-8318528c9cb4,Jordan Hughes
TX,San Diego,2024-09-11 20:44:49,591-704-8146,e23e26b6-55a4-4863-9178-8408ee3d5eed,Jordan Gomez
NY,Los Angeles,2023-10-06 22:26:40,343-226-4537,6730ae06-66bb-4ffa-94e2-b662ed537f9c,Cameron Clark
CA,Cuyahoga,2020-05-16 17:05:42,426-303-4166,a2e2248d-138d-4528-91c6-96d798238b75,Emily King
OR,Harris,2022-07-08 21:45:10,584-416-7168,d16663b0-0a91-4172-bc9a-e931d7c206d1,Taylor Ibarra
CO,Harris,2021-09-23 09:48:23,389-363-5164,ff490b20-1df1-4625-8284-ca7b2b191525,Jane King
GA,Cuyahoga,2022-09-22 10:30:46,475-579-2387,a8ea0bb2-536d-4183-a8e4-3a573895260f,Jessie Gomez
MA,Dallas,2021-01-25 11:48:30,797-413-6696,bd7d2d5f-f120-424d-9c38-9c2df99b4479,Taylor Evans
WA,San Bernardino,2024-04-17 06:06:41,666-450-9627,40c0ce0d-bbbe-4c6e-a2b6-e09f9489aaf3,Jane Foster
WA,Harris,2020-09-19 01:14:05,668-327-4355,9ca7001b-dc89-47f3-b555-d0607f140c51,Jane Ibarra
MA,San Diego,2023-03-25 10:41:00,248-944-3427,64460082-8003-4869-9ea0-483095fa0708,Jane Johnson
CO,Harris,2020-07-29 10:36:26,876-799-3819,6b2d0d0b-5552-424d-8572-977b5c3f4093,John King
MA,King,2024-12-04 19:14:18,813-475-6319,15574fd5-b960-4fa4-a1f9-d27019d1a108,Jane Hughes
TX,Los Angeles,2021-07-04 02:00:09,817-329-2378,f10049d1-7d79-4204-86eb-b3ae324bd928,Jordan Ibarra
NY,Dallas,2022-09-01 01:10:09,380-984-2528,0eebb402-c933-4749-a662-7c5773a229ff,Jane Gomez
TX,Maricopa,2020-01-20 23:45:56,242-673-7694,edaf1b68-f785-48fa-87e8-f063a9b0f136,Morgan King
NV,King,2020-11-13 16:59:11,353-885-1446,63cc2e1d-fabd-49e4-8ed1-7ed7d392f617,John Johnson
NY,Maricopa,2020-10-08 07:03:15,902-464-1590,2bd178fc-e7a6-424b-a29f-2bd6183e06fa,Taylor Baker
FL,San Bernardino,2024-10-01 16:52:23,358-291-2898,965397f8-a1aa-4050-a389-a6fa51f19a39,Alex King
OR,Miami-Dade,2022-01-14 09:39:28,342-811-6158,ae533f0d-c046-40b0-b10a-89bea2672f83,Alex Ibarra
MA,King,2022-01-02 12:34:13,845-347-4347,4ea27f5c-9cbb-410c-bfa0-fe1f7772eed8,John Adams
TX,San Bernardino,2021-12-15 18:22:22,296-873-6141,62d3d1d8-ec7c-4e86-adcf-908c0bde72cb,Morgan King
NY,Miami-Dade,2022-10-28 23:26:35,772-649-3103,f90b146e-7827-41f2-a72f-b3c7d886a68a,Cameron King
TX,Dallas,2021-04-26 07:56:52,895-407-9799,467b343d-44bf-4669-955c-12606c907fa7,Cameron Adams
MA,King,2023-05-24 01:34:20,873-724-7253,9e66159d-b35c-4b32-aaa0-c8d94880459b,Emily Hughes
CO,San Bernardino,2022-12-24 19:32:09,518-639-5554,a7575109-b86b-43ef-823a-c5952c9356e5,Emily Hughes
TX,Los Angeles,2023-07-25 03:04:02,784-937-7652,8da1a0d6-e20a-4a46-b6ff-65be43f2358f,John Gomez
NY,King,2022-07-09 07:07:13,759-796-7221,264e5cbf-8db1-449f-8f43-5412676d3e87,Jane Adams
WA,Maricopa,2024-08-30 16:19:12,503-507-9602,84dfa438-8d36-4726-b7cd-d43617f95ee4,Cameron Johnson
GA,Los Angeles,2023-12-22 05:57:42,932-437-4992,cbb0e03e-9468-43d4-93f3-ade59f373764,Jordan Evans
NV,San Diego,2024-02-02 06:25:46,907-855-6768,f6f5d11c-b184-4ba4-a8b5-16bd43e0a2dd,Morgan Adams
OR,King,2023-11-08 00:20:40,261-922-9632,62a8fe9b-f4a5-46d0-bfb9-de235a0646b4,John Gomez
TX,Miami-Dade,2020-05-01 10:54:17,616-724-3184,6a981d52-68cc-4471-8aa3-83987d1bbdd8,Taylor King
CA,Maricopa,2020-08-06 06:34:48,565-472-5828,57ef80bb-5179-475c-91ab-d0747731cfd2,Cameron Evans
TX,King,2021-07-22 18:26:48,815-422-8561,187d3bd6-d65f-4c7c-ba70-543680ec6e19,Emily King
NV,Maricopa,2024-01-12 03:31:16,755-517-9150,ebe9e68b-03ae-4233-bfb5-c26661f9fb39,John Johnson
OR,Los Angeles,2020-12-31 13:47:54,683-201-3647,67f8b450-404d-4cef-bcb7-5a229ec18b5e,Jordan Gomez
NY,San Diego,2020-03-02 06:51:16,613-362-8363,8b72b144-555c-4e89-8a58-82afa55c0518,Alex Gomez
OR,San Bernardino,2024-11-06 10:27:25,758-351-2255,d389557d-400b-4d55-8585-cd3aa1a27ce6,Chris Gomez
CO,Dallas,2022-08-23 04:03:15,461-842-7633,a20004b6-c66d-4f57-b7f8-e04483770f2f,Emily Evans
NY,Maricopa,2021-04-17 18:21:18,998-692-3860,9fdce935-7534-4dc1-af24-27190b05ff67,Alex King
CO,Los Angeles,2023-03-25 15:43:25,536-286-3320,2e34a078-455f-49f7-8d73-508ad6ee0c6c,Morgan Gomez
TX,Dallas,2020-03-03 04:27:01,519-584-4255,8aed7ab6-20d6-4a36-b7b3-a7e2af9fbbac,Jordan Foster
CO,Cuyahoga,2022-04-12 10:47:05,367-891-3934,f3f24882-fc1a-42f0-95fc-d7555d82802c,Jane Hughes
NY,Maricopa,2021-01-14 11:39:40,510-436-9850,0761c4d8-18c2-4ab3-8a89-07c45d98c342,Jessie Gomez
FL,Harris,2020-12-12 09:12:59,644-235-2690,e8c11707-9bbb-4e1c-adb2-ee661726a120,Jane King
CO,Harris,2024-07-27 18:42:43,518-727-8978,cc78b48d-a4f7-4ca5-9fe5-e90c8f572b80,Jordan Evans
GA,San Bernardino,2022-04-02 18:08:44,255-598-9233,e7dd7a0b-ef0f-4fc8-95ec-2c874c479bdb,Jessie Gomez
CA,San Diego,2020-12-22 08:44:39,280-412-2647,d97b2ffd-1de6-4163-9feb-8b863650b280,Taylor King
TX,Miami-Dade,2023-01-18 02:48:38,574-521-6378,b6f17a25-6a65-4726-bc99-d9699e2ba5a9,Taylor Foster
NY,Miami-Dade,2021-12-16 18:20:19,537-238-8308,cc6252cf-db0f-4412-b0ff-4964e7b5492d,Chris Foster
CA,Cuyahoga,2021-03-05 12:01:17,794-415-4741,441cfc44-b94f-42a3-bf9d-157664610ba6,Alex Gomez
WA,San Bernardino,2023-05-10 07:59:26,617-738-8109,bc979fa4-42fa-4cd4-942c-30193785ba1f,Cameron Ibarra
WA,San Diego,2023-05-09 19:48:42,434-279-1788,a31d090d-21f0-41cb-aa3d-6fa09470fe5c,Jordan Gomez
CO,Cook,2021-08-21 04:53:54,437-806-8689,119242cc-230a-4c95-8503-6bb0e2269206,Morgan Foster
TX,Cuyahoga,2022-05-04 19:52:19,344-448-4254,ff698487-b528-410a-9947-b38dcc0a571e,Alex Evans
TX,Los Angeles,2023-08-09 22:32:07,957-618-1357,b0b89995-d0a1-4fa3-af88-e02f48d36add,Emily Baker
CO,Los Angeles,2022-05-02 21:28:53,488-963-5429,2fd16b35-6ff5-4b25-ad44-403184a5fcfc,Jordan Foster
MA,San Bernardino,2024-05-13 15:10:22,565-345-1760,6d8b20f0-83f1-4042-94c6-c6a5e4e72e72,Jordan Baker
NY,Dallas,2024-03-11 08:15:12,980-941-9907,a16334df-c4ff-4929-b963-fd68b86ce853,Morgan Ibarra
CA,Dallas,2021-02-19 03:59:43,919-409-3318,81191e46-73d4-45e8-b927-0e4ef4dca911,Jane Ibarra
TX,Maricopa,2020-05-06 23:54:16,893-586-9318,dc92a67e-992c-4e5e-87cc-b343dc368b7a,Alex Gomez
NY,Dallas,2021-07-07 02:15:46,667-799-2669,4c9b04cf-a50d-4de0-b5f7-93759866926d,Alex Clark
NV,Cuyahoga,2021-09-27 14:59:36,770-954-2150,2c5f4b42-aa17-49b4-97dd-472976e7529c,Taylor Evans
NY,Los Angeles,2021-11-09 12:00:22,661-810-8516,2f58abe8-88d7-4a3b-aac3-39470c89afa6,John Ibarra
CO,San Diego,2020-08-19 07:32:41,649-513-9521,0d4a057b-cfef-46a0-9a00-43cae75ee809,Taylor Clark
CO,King,2024-05-14 16:42:43,611-803-2814,8337b590-15df-400f-aa1e-c89e3cf5e6e8,Taylor Ibarra
GA,Los Angeles,2024-04-13 01:07:21,239-201-9584,cef04709-a980-4a3b-86ea-27023543c50f,Jessie Adams
CO,Dallas,2021-06-10 13:13:10,726-762-4201,b5895047-ea80-4295-8c8c-3c4520fb8a93,Emily Adams
OR,King,2024-04-10 09:58:03,414-605-5588,602f1546-47b3-4418-82bb-e63249c33701,Chris Clark
OR,Cuyahoga,2021-02-07 01:17:51,209-751-5066,81a1a162-4a47-496e-a05d-4df8642320ca,Emily Hughes
OR,King,2022-04-28 20:05:02,863-693-2708,61766909-83be-4497-9b9e-689d762bc5d3,Jane Clark
NY,King,2021-11-24 10:15:23,727-710-6122,84b8cd84-4902-46ff-a3ae-2f3b7eea3b3c,Emily Adams
CA,King,2021-09-22 19:06:36,521-573-8112,0dc6e3b3-e489-4b6b-931c-b7a3b777cd24,Alex Clark
TX,King,2024-03-23 22:38:58,817-523-6495,35823907-ad81-4a24-a4b5-da8c4aee0026,Cameron Ibarra
GA,King,2021-12-12 03:06:13,248-221-8604,553f1ab6-c097-46ad-99b4-13ef85644403,Jessie Foster
CA,King,2022-08-29 20:38:13,241-899-8540,cdc3c1e2-99f3-4818-89ea-8634120fea36,Cameron Johnson
NV,Cook,2021-11-16 18:10:07,479-349-6982,8a965b6a-853e-4407-9f4f-61b755ba7aa5,Chris King
CA,San Diego,2022-09-18 08:21:55,441-846-9425,849f5292-0a78-4d9e-8552-1ae4967072ce,Chris Ibarra
CA,Harris,2021-07-21 23:05:01,389-870-8565,69ac7d8a-339a-40bd-a85a-5c4fd05adfdf,Morgan Foster
MA,San Bernardino,2022-07-26 02:09:25,360-618-9200,132421fc-7acf-44a0-9497-37ea150a14a8,Jordan Adams
CO,Miami-Dade,2022-12-08 12:02:46,210-783-6487,cb4ef5e2-d6a3-465e-bcda-dde784831fd4,Jordan Ibarra
GA,Los Angeles,2021-08-29 16:39:02,529-442-2864,1b2da584-2255-4c28-8a06-e9e73efac3c3,Taylor Adams
MA,Harris,2024-05-17 13:11:57,662-444-5722,3e76c409-deb2-4b53-9469-5f306b0809cd,Alex Hughes
OR,San Diego,2022-12-19 01:01:59,356-881-7442,2d93ca5c-7846-43f4-a98a-15796c6c5d11,Taylor Johnson
CA,Harris,2020-01-30 09:43:07,576-681-4573,e701746f-33ee-4dd0-a26e-5a5c1d4bc326,John King
MA,Los Angeles,2021-04-23 12:08:41,778-614-2821,a7c66ab1-681a-473a-bc87-9886e92781d6,Cameron Clark
CA,King,2020-12-08 17:55:07,975-891-9565,bb2f8e36-717e-4869-874d-e5abc7e366ac,Jordan Ibarra
CO,San Diego,2022-08-16 11:21:06,620-638-7302,d0ed7a76-085e-4db0-a585-5a8c4a017567,Jessie Johnson
OR,Los Angeles,2022-12-28 08:46:13,596-247-7613,c28c05e2-9a34-442a-9cef-94ab7d749837,Morgan Evans
FL,Cook,2022-04-14 01:46:52,690-404-4272,3b4350ce-5da7-4dbd-ba1f-62f13948541e,Alex Baker
MA,Miami-Dade,2022-10-01 07:32:07,822-931-2735,eca173bd-f41b-4a3d-8212-d0670424764a,Chris King
CA,Harris,2020-10-31 21:02:56,618-809-7586,fec849fb-27f1-479b-bb75-03c6fbedba67,Chris King
GA,Cuyahoga,2021-05-16 23:03:26,450-583-6862,8f0ae30e-5a1f-41fe-9ac1-30166b0537fc,Cameron Johnson
MA,Harris,2023-09-27 10:20:09,258-351-8450,36c1dbfa-1259-4d25-b645-8a4e611a60d6,Cameron Baker
NY,Maricopa,2022-05-16 14:33:49,789-924-2424,cb4fdc85-ce51-4311-a298-8cba57f2461b,Jane Gomez
GA,Harris,2023-10-28 18:49:15,746-980-7445,e5c3f98d-8076-4243-8dab-784ecfbeba2d,Chris Gomez
CA,King,2021-01-03 09:04:28,341-702-6719,149975f1-ccb5-4191-ac49-a7bda4ac8439,Jane Ibarra
NV,Miami-Dade,2020-09-19 20:50:21,692-283-3917,79908047-3101-4ab7-abec-4585436cfd4a,Alex Evans
GA,Cuyahoga,2024-06-20 10:10:01,748-588-6882,ef8b846c-6f72-4d93-b1a5-f4f0153e4cb4,Chris Evans
WA,Dallas,2023-04-28 14:15:57,658-718-9095,880d5365-ba8c-451c-9d8c-118088460bc2,Chris Evans
WA,Maricopa,2023-03-01 08:46:00,527-595-7913,d80955ce-f5dd-4415-ac87-49eee31a8b2a,Cameron Baker
TX,Miami-Dade,2021-02-05 22:22:29,768-969-6984,a2a17612-71fc-4b7d-ac56-7128160b7c2c,Jessie King
TX,Dallas,2024-09-07 02:15:42,401-229-1482,f11e856f-f0b7-455a-b182-b02e9bf221d1,Jane Johnson
NV,King,2021-10-23 21:03:40,433-727-1795,c160c5bb-e4b1-4838-9034-61c649e80c42,Jane Hughes
NV,King,2023-02-17 01:25:21,338-819-1693,2f7c75ce-8e3c-4bf3-98f2-470b26d773db,Cameron Foster
NV,Harris,2021-08-03 01:49:26,416-531-1757,78b17b65-2ff1-4104-b1ef-1ba525559394,Morgan Ibarra
OR,San Bernardino,2023-08-21 04:41:21,986-226-7256,0a813ec9-83cc-4ab4-bccf-3b1859732822,Emily Clark
WA,San Diego,2022-05-30 05:21:31,695-867-3509,074d4dbf-20fe-49fa-88b6-9e11546823c2,Alex Foster
MA,Miami-Dade,2021-10-15 08:00:14,777-506-6355,b899e8c8-6b5d-4dd2-9b6c-926d62d227d0,Taylor Clark
NY,Miami-Dade,2020-09-13 18:44:38,766-562-7687,eda5611e-d182-496b-b1a4-a0c0275a1490,Chris King
WA,Maricopa,2022-05-30 11:56:53,918-979-4228,f4b98252-cf3a-41cd-a914-5134236276fe,Chris Baker
NY,Maricopa,2024-11-24 02:54:22,697-294-7045,38adc752-935d-4644-b6a4-768a2aa840dc,Emily Gomez
OR,Maricopa,2021-08-26 15:10:46,583-519-3114,2490ed55-5fac-463d-b0d9-85587660550f,Morgan Hughes
CO,Dallas,2020-09-07 18:42:40,539-611-9251,1cf7a7f5-6ffb-4104-9260-a3583019e45a,Taylor Gomez
OR,Cook,2023-10-22 19:02:28,255-755-3428,457c5fca-25b3-4cfc-8308-709df8547398,Chris King
CO,Dallas,2020-09-18 16:51:48,858-927-2059,6f0d55d3-6ad3-45bb-8e4b-65ba7bbb7bec,Alex Ibarra
FL,Dallas,2021-04-04 13:19:19,329-535-6854,3c9a9611-731c-4269-9012-7ef9f615f700,Jordan Gomez
NY,Miami-Dade,2024-04-03 09:46:18,606-547-5364,ebaa90bb-d4e4-46a2-94fb-7740309b9c11,Morgan Foster
FL,Los Angeles,2023-11-19 23:14:48,876-944-7194,d04575dc-30f8-4bfe-9fef-0a66de99d64f,Jessie Foster
CO,Cook,2021-10-08 14:21:33,669-300-1159,3fcc725f-100c-4404-a9ad-d368942c6273,Cameron Ibarra
FL,Harris,2020-05-26 13:08:45,631-817-4729,864b9f16-fb0c-4112-99de-45627a59b815,John King
WA,Cuyahoga,2022-09-15 00:04:19,900-613-5969,8f78808a-e9f4-45b9-88a7-175762d3d039,Alex Evans
CO,Miami-Dade,2021-10-05 03:56:06,852-662-1642,f2134d19-448e-460d-af6c-42b57ebadd61,Emily Ibarra
OR,San Bernardino,2023-11-11 03:32:17,493-801-5606,8787f76d-218e-46b4-bd2d-fee3e7c51d18,Jordan Clark
WA,King,2023-05-21 12:00:55,745-243-1738,72e29804-db03-4f7b-aa7b-d74c756ee78d,Emily Clark
FL,Miami-Dade,2021-02-06 01:34:54,774-320-3900,97bb2a3b-9f52-4eb3-97ff-411a8abb3e50,Jordan Gomez
FL,San Diego,2020-06-20 20:43:46,490-429-5970,cbbfabc4-fe30-4c35-9425-c17bddd75228,Jordan Clark
FL,Los Angeles,2020-05-17 11:40:17,782-360-6139,d8b4977f-ef58-48b8-a074-f80e09959b33,Taylor Clark
OR,Dallas,2024-01-06 22:25:57,410-591-6107,7a315261-5e7f-4b99-9a76-4fc538058a00,Jane Gomez
WA,Dallas,2024-03-03 08:00:36,948-750-8843,40982857-9c6b-465c-8072-b5eb8f1a7fbb,Jane Foster
NY,Cuyahoga,2023-01-21 12:25:30,521-598-4967,711daddf-cbbe-40b1-9472-17f80c77e0ff,Chris Evans
CA,Cook,2023-07-18 03:21:11,490-869-1334,bf10d496-683c-4182-9a4c-7f9bc5c5bc93,Alex Adams
NY,King,2020-08-22 04:57:19,964-375-1770,5d94ac68-8afd-42c4-a463-1f68ee3503f4,Jane Baker
WA,Los Angeles,2023-08-04 00:37:00,666-538-5293,e572eaaf-6bf5-4599-a743-ce98cce8dd36,Morgan Baker
NV,Maricopa,2024-11-04 06:35:58,796-959-8688,03721b99-8760-4285-9ef4-34446c09d044,Chris Ibarra
NV,King,2021-04-08 02:53:00,275-590-9677,f3cea47b-00f6-4f78-ba71-bc061ec0b4cc,Jordan Ibarra
GA,King,2021-05-02 01:44:26,640-355-7135,7d734b54-102f-4858-81ab-444a357c4c99,Jane Foster
MA,Los Angeles,2024-10-03 15:59:30,347-877-1716,b0130c2a-9d3b-4462-b2e2-5eea5f20f10c,John Adams
FL,Cook,2020-02-14 23:20:12,928-797-7356,313c42e1-05ca-42cc-90f4-7152dcd28890,Jessie Clark
CO,Los Angeles,2021-07-06 19:39:04,841-763-4359,70df7fbe-084d-4817-a866-08170f9b0898,Emily Hughes
OR,Cook,2024-10-11 15:26:28,669-617-1699,d82d058a-f711-46a4-b204-a2a40629613a,John Baker
CA,King,2021-04-27 13:13:34,559-702-2609,e561c5cc-4b36-4379-b250-9261ec0e8d60,Jessie Adams
OR,Los Angeles,2021-04-01 18:37:43,895-676-6188,308b1c14-d4ec-42bb-9a4c-ed000b67ee61,Alex Adams
WA,Dallas,2024-06-26 15:48:14,314-794-5704,92a46595-8356-4483-8990-b767957e12a7,Cameron Baker
NV,San Bernardino,2024-10-15 08:33:10,372-401-8336,3e5bcc6c-d2b4-4193-bcc7-cbf1dfff82e2,Jane Johnson
OR,San Diego,2022-01-11 08:03:14,361-943-2685,b528dfbf-dd9b-434c-a5d0-3704a8b1066f,Taylor Johnson
WA,Dallas,2024-05-22 12:41:10,882-505-2950,a96955a7-1785-4e34-ba71-a4b717ba4935,Chris Gomez
NY,Cook,2023-03-26 13:47:36,916-883-1935,7ca4317d-c2e9-43cb-aa9c-c8775fc318f1,Morgan Hughes
NV,Maricopa,2024-08-10 18:49:00,553-739-2850,a3a897db-61fe-4389-b696-b90b7219f03c,Taylor Foster
MA,Harris,2024-04-15 15:39:58,278-925-4772,5880bb5c-8288-4629-8798-bc4d12d3a9e3,Taylor Baker
CO,Miami-Dade,2024-02-07 16:58:55,995-433-9666,326220c0-e416-430e-b077-46b5af0690fd,Cameron Baker
OR,Cuyahoga,2024-02-29 10:40:26,538-657-7847,d4a82e95-cb5f-476b-9df1-1a87ecfefecc,Taylor Hughes
NY,San Diego,2024-04-21 21:45:42,558-811-6885,57652cba-f68b-413a-8ea0-5eac0e2a871b,Emily Adams
TX,Dallas,2023-02-08 21:05:12,431-601-5978,5e4d7879-5069-4b9b-8eda-79cb27e92c0d,Jessie Ibarra
TX,King,2024-08-12 17:09:48,418-657-9387,eb254f6c-a912-4cd6-90e1-598a0ef5624c,Cameron King
MA,King,2022-12-13 23:19:28,230-339-9768,06347e49-e768-4311-a5ff-946059c4b81f,John Adams
CO,Cuyahoga,2023-08-21 13:57:45,595-355-9689,358f798d-28b9-482a-86eb-d4d1c4319855,Chris Evans
TX,Cuyahoga,2023-11-19 07:30:01,327-736-2432,c5a95069-24cb-4bee-8bcc-bc1400a87015,Alex Gomez
NV,Cuyahoga,2020-02-07 20:21:57,416-637-2609,4163b52e-6a2a-4579-89ab-0d45802a0a7a,Jordan Ibarra
TX,Cuyahoga,2021-08-08 20:14:04,557-644-4014,458180b1-8876-49f0-9a75-897c1c8f26de,Jessie Baker
FL,Dallas,2021-01-28 07:34:09,771-506-2600,58c1fa80-2a78-44b5-ac50-67e207cd556e,Jessie Foster
NV,San Diego,2023-03-22 06:12:20,811-959-2926,4d91166f-f6e5-42e3-897e-988b18869d2c,Morgan Evans
OR,King,2022-01-07 05:15:20,781-430-4542,e4508229-acc4-46c0-a6fc-120093c1eedf,John Ibarra
CA,San Diego,2024-12-26 17:33:22,972-942-8417,765322d7-1772-487b-80e4-6858e5e9a8f6,Chris Hughes
TX,Miami-Dade,2023-03-26 16:08:27,579-621-1089,6274d214-d5e8-4b1f-828e-d09b5f210225,Cameron Evans
TX,Cook,2023-05-22 07:34:43,509-276-4591,b3d66635-cffd-4d9f-8018-663232fbef9e,Jane Hughes
MA,Maricopa,2020-11-08 10:20:16,517-328-1135,a57fa226-815c-4a46-91a1-d19f32ed7701,Emily Baker
CA,Cook,2020-11-03 21:19:40,619-333-8604,2dea8ef7-5b7d-414c-8cd8-9b8e76df55ae,Morgan King
MA,King,2022-06-26 10:42:10,371-368-6816,b5200c25-5710-4c16-9958-ae7fc1efdbc3,Jessie Evans
MA,Cook,2024-06-03 01:18:15,233-511-4414,4f5485ff-cc39-4315-a1b8-ce206ca0f0b0,Chris Evans
WA,Cuyahoga,2022-08-23 06:20:33,214-335-8235,cd3ed941-a10e-42a8-bc58-aa30b9722b0d,John Hughes
CO,Maricopa,2022-02-12 18:23:06,275-968-2368,ffc479b3-a335-447f-b9ba-97d29d3e57ef,Morgan Hughes
FL,San Bernardino,2022-07-28 07:57:56,253-582-7839,b3bf9ede-1ee9-4440-adeb-e81caaf45b74,John King
FL,Cook,2023-01-17 13:27:56,622-773-7255,3ce0314b-8020-4273-9537-6b95f3b566c8,Cameron Evans
GA,San Bernardino,2023-06-21 01:21:08,595-545-9958,a7ab0b27-c674-4f9a-9b24-de700b3e8c14,Chris King
OR,Los Angeles,2021-09-02 05:58:45,359-506-1090,199d0b5b-6d3c-4a03-95cb-b629e141a3d4,Jane Ibarra
WA,Maricopa,2020-08-03 11:18:38,671-961-5348,28c1f207-18cb-405f-a5d6-6bba6283ca90,Jane Gomez
MA,Cook,2024-09-01 12:03:03,214-712-7752,b34b4a8a-b79b-4fee-bf43-82fb2d3a7e91,Jordan Johnson
FL,King,2020-01-26 18:17:43,777-493-5428,bb13a898-a217-4670-b58a-ba5039d16b62,Jane Foster
GA,Harris,2024-04-20 05:35:24,478-856-2288,9e821032-c3fa-4a47-91ce-7251ce05c51a,Alex Gomez
CO,San Diego,2022-01-14 00:32:18,422-762-7544,68427e34-6f71-47d1-8713-304d14274cf8,Alex King
NY,King,2022-02-16 03:23:32,490-552-8948,6c4995db-d69f-4b8a-acf7-c9efb0de6830,Taylor Baker
GA,Los Angeles,2022-07-05 09:24:32,697-587-6192,a641809a-1a42-4449-83ac-9acae05f2a64,Cameron Foster
GA,Miami-Dade,2023-08-15 20:45:24,947-749-7116,9dff0559-979d-4aa7-ac4c-51b8b5060830,Cameron Johnson
NY,King,2020-05-05 06:59:20,349-361-8097,f7f5bea8-d5b0-4201-93ec-14164c1f3441,Jane Baker
NV,Harris,2020-04-13 17:24:22,877-849-7821,de4eeb4f-8dea-41eb-8b8d-657bb61ddcdc,Chris Adams
WA,Maricopa,2021-10-11 03:06:47,311-496-6906,e59f7185-34f4-432a-bc86-bed27cb42bdc,John Adams
CO,Cook,2024-12-04 06:51:25,216-691-8475,af8cb3b1-cfb1-45ae-a93d-d26122016d4a,Alex Clark
CO,Cook,2021-08-19 08:24:02,899-676-1884,804394ae-d8be-4036-8f09-3ae9e41213b4,Emily Gomez
WA,San Diego,2024-06-12 08:08:08,783-367-8321,92ceaf49-fe5a-4180-8fa8-ad969099666c,Chris Gomez
TX,San Bernardino,2020-08-24 17:01:43,292-691-4800,3bf472cf-4bff-48f3-837a-66729d6fe50d,Jane Hughes
GA,Maricopa,2021-11-23 12:19:39,654-309-6555,cf80ff53-bd29-487f-bb5f-b3ca5576c08e,Jordan Johnson
FL,Maricopa,2021-08-23 16:57:56,641-874-2320,c87e0707-43de-423b-8fbc-07f4202d1181,Chris Ibarra
CO,San Diego,2021-01-31 03:01:19,952-457-9458,88f19b51-315d-497d-abb3-3f9168e6784d,John King
MA,San Bernardino,2020-11-12 07:23:51,697-810-4631,c8195a80-2878-4969-b2d2-64f551a2c0bb,Jessie Baker
OR,Cook,2021-11-10 18:13:32,696-825-6105,55321109-e254-40c6-ab01-c66127021e63,Jessie Ibarra
MA,Harris,2021-01-26 12:57:26,613-678-7734,388e6b6b-1181-4a9a-8a11-392bea8fa41d,John King
TX,Los Angeles,2022-08-19 04:24:05,541-714-5458,03313bfb-350a-400f-aaeb-e0f672a1232c,Emily Clark
NV,Miami-Dade,2020-02-29 06:04:34,404-356-3808,d097a9f7-497b-4841-9ec0-e0fe168d4a4e,Jessie Johnson
NV,Dallas,2021-02-17 03:05:59,614-285-7653,4020ec75-09f2-401c-a9de-65ca54dbe2bb,John Ibarra
TX,Harris,2020-06-10 12:38:15,715-369-3269,e06b9fc0-0c88-47e5-b515-da235a951b49,Alex Gomez
NV,Miami-Dade,2023-04-20 22:17:15,334-310-4459,3b3e3a71-8d58-48df-8669-ec9281dcd1dd,Jessie Clark
MA,San Bernardino,2021-03-29 09:15:35,996-910-6479,ed930705-ea5e-45bc-a080-2dd3af381628,Taylor Baker
MA,Los Angeles,2023-03-23 23:08:17,705-829-8677,201b9585-f018-48ef-aaaa-b471fd253136,Alex King
OR,Harris,2023-02-09 20:02:58,695-826-4435,e022195d-453e-4fa8-bc40-3f29706eb56b,Jane Clark
NY,King,2023-01-25 19:04:46,650-891-3874,af0322d9-a317-485a-8cd0-87618cc22b75,Jordan Gomez
WA,Cuyahoga,2020-01-03 22:13:17,245-748-6568,15920878-d362-4036-9d41-88cb01484fbf,Chris Hughes
MA,Harris,2023-02-22 05:33:36,245-688-4831,17f357b5-2cf8-47ec-98b5-d947a35b53d5,Taylor Ibarra
NY,Dallas,2021-06-26 18:16:56,887-711-9449,3e2cda40-f354-450a-a24b-b1c2c4fb9767,Jessie Baker
CA,San Bernardino,2022-02-11 18:47:03,543-693-3251,f54cb4c1-e2d4-4c5e-9c5a-5b8bf2776acb,Emily Baker
FL,Cuyahoga,2024-01-28 17:03:41,598-493-3621,b0764046-873d-4934-a3a5-55c7d17df2bd,Cameron Baker
TX,Los Angeles,2024-12-01 21:38:22,820-789-1911,b0cdf8fe-073d-4d60-b916-ebf84b32df16,Jordan King
CA,Cook,2022-02-24 17:03:06,473-275-5895,f4763863-8cd4-4f52-951b-7642ce34512d,Morgan Ibarra
NV,Harris,2024-04-30 10:04:55,221-331-2858,d7102035-6846-427a-bffa-c465c64e589c,Cameron King
MA,San Diego,2021-11-08 04:09:20,463-884-5708,07fd6eb3-5a68-40f1-a52d-bebc06b0d68a,Alex Ibarra
CO,San Bernardino,2020-07-29 08:25:32,983-783-1653,116f12ea-7617-46d8-b02b-dea2ed2f74ad,Alex Evans
OR,King,2023-03-31 23:34:29,993-605-2721,7a105679-a6f8-42af-8b59-5c7323629af3,Cameron Ibarra
CA,Maricopa,2023-05-31 06:52:38,734-342-9597,d10b5b2f-4f2b-41d2-906c-731365d29788,Morgan Gomez
WA,Dallas,2022-11-30 13:47:18,579-895-4801,59e6b52f-305d-4c90-a8cf-b5bc5f82755e,John Ibarra
WA,Cook,2024-10-13 02:20:25,293-228-3844,d213d920-3251-4d1b-8a01-3bce8ebebb07,Cameron Johnson
MA,Miami-Dade,2024-07-24 02:59:02,696-349-8207,b7aada28-4d72-444e-b25a-45ff60a9f699,Alex Ibarra
CO,Maricopa,2024-11-02 17:03:27,915-265-6883,29d1eb0b-8f24-4fd2-a789-8486d374f045,Emily Johnson
OR,San Diego,2023-10-06 19:50:48,284-536-8547,ffe11512-f95c-4497-a5b7-1b0c6fef9165,Morgan Adams
MA,San Bernardino,2023-09-27 23:42:06,652-400-1846,d43e09b3-d9d5-4c67-8657-a8dc94857e80,Chris Johnson
NY,San Diego,2022-10-15 09:20:51,815-974-1814,ba8d0c8d-0a62-4645-b069-fa5dcb719256,Cameron King
TX,Los Angeles,2024-09-06 18:30:56,888-433-9070,a452412a-69d9-4515-b13e-8641bfaf3506,Alex Gomez
OR,San Diego,2020-09-06 00:45:56,475-327-8203,9861b1fc-5ed2-4f32-848b-61f34c300986,Jane Foster
NY,King,2024-08-21 04:48:34,351-642-5002,e64b7666-fd7e-4828-a3fb-0489f28e6e50,Alex Johnson
CA,King,2023-09-14 11:23:28,589-722-5777,9f1967a2-1be0-4beb-b574-1d2494c47e3b,John Foster
FL,King,2023-09-07 04:48:53,689-520-8726,1ac9576d-e3f2-4a12-a6bd-707b40da60d9,Cameron Adams
GA,San Diego,2020-10-02 03:09:32,317-230-4243,ab56af8d-c714-4a0a-bfb3-275a225a6a68,Chris Johnson
FL,Dallas,2022-07-24 04:35:24,797-953-4835,894a2064-825a-453a-9021-7b9ff07f9d77,Emily Gomez
TX,Harris,2020-09-07 01:20:48,907-461-2458,4c683afe-408c-4788-be17-13ceba5d7417,Emily Baker
NV,Miami-Dade,2020-06-03 00:26:01,737-256-7748,d0f80be2-52ed-467c-a232-7c7839b9e717,Taylor Evans
NY,King,2021-10-19 17:43:56,446-365-3342,f89c25b1-1db8-468a-9317-cddd093a1239,Jordan Baker
CO,Maricopa,2021-09-02 10:25:26,517-567-6558,bb3057dd-8be4-4e55-bc61-5a811b5639ad,Taylor Evans
OR,Los Angeles,2020-08-15 17:59:17,299-707-2948,442c962c-f672-42c7-9cca-b0219695e282,Jordan Hughes
FL,San Bernardino,2021-06-27 11:54:56,739-769-2150,97835bd8-2e44-4b44-a4dc-5a442b706f44,Morgan Gomez
OR,Dallas,2020-09-25 15:42:41,846-994-6757,ec4862f7-5fb5-40b1-ad5b-00a9ccd5e1a4,Jane Clark
NV,Los Angeles,2020-11-26 07:07:49,731-355-2007,65d43ca3-4fb5-4a16-85d7-d0306dbc0a42,Cameron Clark
CA,Cook,2021-04-05 01:21:47,973-600-6588,59b13425-abff-4480-9b3f-a62ac9e0ae67,Jordan Gomez
GA,San Bernardino,2024-10-09 07:21:41,395-544-3196,d7961ec1-f18b-44ce-a0e0-3f09d17cc25d,Taylor King
FL,Dallas,2022-08-13 12:21:06,411-553-2130,2a1f876d-70bc-4a24-987c-c667b3e2c6f2,Jordan Clark
OR,Maricopa,2020-03-13 15:24:16,504-251-1757,d3da6a7c-b14e-4b5e-bcdf-1bdd85ed3c72,Jane Gomez
OR,Maricopa,2024-04-19 16:22:59,239-580-2887,77747f3b-e7ad-4eb0-a2c3-d45f93634a54,Jessie Evans
TX,Dallas,2020-04-25 14:08:02,885-217-4458,82a376e6-a8c1-48b1-b6f2-18920d5eb3db,Jordan King
NV,San Bernardino,2024-05-29 00:08:39,761-480-3781,10da8334-0c1c-4605-af3b-13a686aa76eb,Alex Gomez
NV,San Bernardino,2020-02-25 03:06:39,731-464-5401,f1c10bf2-adff-4e23-95e6-a826032e3c62,John Adams
NV,King,2020-07-14 21:13:41,615-215-5201,db984b6a-b1dc-4a20-ba75-73fb8a7f331a,Taylor Gomez
WA,Cook,2024-03-21 00:32:43,802-277-3789,8e8cc080-e110-45ef-a26c-31f22ea93916,Chris Foster
NY,Harris,2022-09-12 22:52:33,245-445-5631,48ca9fdb-3269-4a21-afe8-dcdbda9f0676,Jordan Ibarra
MA,Maricopa,2020-03-12 23:05:42,685-418-3820,5ff06c22-fb4e-43cf-93bb-e90f5d8ed50a,Jessie Adams
FL,San Bernardino,2022-09-26 09:10:52,731-953-3366,976b34d3-1178-4283-87ca-4f023492fd1e,John Hughes
WA,Cook,2024-01-07 07:58:29,238-326-3709,4042a7b2-c1a8-4c1d-9303-daaf88c83e6f,Morgan Johnson
NV,Cuyahoga,2021-07-22 08:35:02,288-583-7708,45c50ace-abaa-4b58-9dc6-7c3f0d934d5c,John Evans
GA,Cuyahoga,2024-01-04 18:55:55,664-970-9371,8497b63a-ef08-4778-85de-b2828bc0ee98,Chris Baker
FL,Maricopa,2023-02-05 11:31:25,907-773-7975,af6a36dc-bc6c-4770-ab76-de5a61745897,Chris Johnson
CA,Maricopa,2021-09-17 20:51:09,305-807-1494,ba438dec-9ac2-48b5-8159-e5a038a0a7b5,John Clark
CA,Harris,2020-04-26 02:17:53,738-326-3833,9ffca545-6391-4102-b017-bd668340171a,John Ibarra
NY,San Bernardino,2020-06-06 02:20:59,368-815-7557,819e918c-be34-49f2-9704-c3a52508895d,John King
FL,Cook,2020-12-30 00:30:23,534-831-8780,b408cb3e-c02b-425c-891f-3fc64e47650a,Chris Ibarra
NV,Miami-Dade,2022-08-24 03:20:06,509-890-6854,1cc42654-2c99-496d-be89-507237317792,Taylor Johnson
NV,Miami-Dade,2020-04-12 13:44:44,543-362-5382,db6ea87f-a379-424a-b25c-367bf8af45bd,Jordan Ibarra
WA,San Bernardino,2022-01-08 09:34:18,527-929-2420,1f33bf60-5d37-49d1-8f66-96eb1b2980f4,Taylor Gomez
OR,Dallas,2023-04-08 09:43:30,975-221-1446,37b01556-c6e3-42aa-bef8-74c9b59a174e,Morgan Foster
CA,Miami-Dade,2020-11-05 22:31:04,857-510-7258,c11ce646-f1b1-4a87-8874-95ec1ade6dba,Chris King
NY,Miami-Dade,2023-03-11 11:14:02,922-499-5209,646920a3-6d7f-4574-b75e-a19c0eabaa8b,Jane Adams
GA,Maricopa,2020-07-23 14:47:43,714-338-1656,90a94068-b2ea-4a4d-9e65-f9b16b61a989,Jane Ibarra
OR,San Bernardino,2020-08-14 00:26:16,368-934-4850,20021c27-476e-4c77-9c5b-c94c4286b37d,Morgan Hughes
GA,Harris,2024-11-06 21:14:06,248-636-5337,3b649189-f10c-4e03-acf0-d72b77d317dd,Jessie Evans
WA,Dallas,2022-12-22 08:24:39,657-235-4209,33796ef2-f6e1-42d6-ac45-0c9fb3d6c92c,Jessie Foster
GA,San Diego,2022-07-20 18:35:21,744-799-2865,3b87d703-7100-4618-bb65-9cc246083d86,Emily Adams
OR,Maricopa,2022-10-06 17:18:26,705-374-6326,ca6dd87a-8c97-4014-ad1d-5131640f260c,John Clark
CA,Miami-Dade,2023-11-12 00:52:19,940-210-8439,567e2285-9b21-4838-8900-3c564ef807c9,Taylor Clark
NV,San Bernardino,2023-05-30 08:54:31,362-427-7801,ab0fe2b1-b8f4-469a-94d6-4da87d64cc7f,Jessie Gomez
NY,San Bernardino,2021-09-03 03:04:41,918-821-3926,c4c2d0c1-0284-45ec-821e-9c8bbda59f87,Morgan Foster
WA,San Diego,2020-10-17 06:37:50,319-568-5288,97154bb0-eecd-4a0c-9b26-195032d1a3d4,John Adams
CA,King,2024-06-05 07:20:09,618-306-9566,79392ab0-6648-4b9a-a3e4-8e3e1225c36a,Emily Foster
CO,San Bernardino,2020-08-16 04:49:07,303-895-1526,135d53ef-1a94-4c4d-9b86-bd2d888a98e8,Jordan Johnson
MA,King,2023-01-06 05:51:42,352-688-4546,0b6862bb-e76f-4e04-9f7b-1a657f182a4c,Jane Ibarra
GA,Miami-Dade,2024-09-17 10:09:20,245-350-5897,d505c00a-55ba-46e6-a25a-85cdd4ff2dcd,Morgan Foster
MA,Cook,2024-09-24 12:33:08,949-991-7008,6c86382b-80b2-4f4e-95a9-6bbea25c3bdd,Alex King
NV,Maricopa,2021-04-01 05:00:18,815-393-9949,a91ef5a6-ba07-44ec-a463-c0d49113cb20,Cameron Johnson
NY,Maricopa,2022-01-07 16:21:15,326-975-2191,05812937-f14d-4384-ae50-c568b8d01a8d,Jane Gomez
NV,Miami-Dade,2021-11-07 22:47:55,282-741-4823,8a65d872-2ddb-420b-8eee-5a5393dc7d01,Jessie Johnson
OR,San Diego,2021-10-28 17:10:26,701-472-6719,07294c1e-2522-41f1-8954-7cef90fe56f0,Jordan Clark
NV,San Bernardino,2020-09-03 03:07:38,359-638-2118,0ee647b9-cfcb-43dc-a60f-f5abc56635bd,Jane Evans
CA,Dallas,2021-08-28 04:16:59,838-269-2215,be3a3b39-364a-41d9-b02d-18c7a9bed366,Jordan Evans
CO,San Diego,2020-05-29 00:16:21,580-379-1499,3f9526a9-6091-44d9-87c7-ebaaaffae792,Jessie Baker
CO,Cuyahoga,2023-04-25 16:55:29,844-610-4448,c75b88c1-0cb7-44b9-aa32-fb39aa7af0b4,Morgan King
CO,San Bernardino,2023-08-20 02:43:01,953-335-6276,be74dcec-df4e-4d9d-bed5-a40ae22ecd9e,Taylor Evans
MA,King,2021-10-15 13:23:59,804-230-9824,f369ce55-fcca-456e-9e55-3ceb79088825,Taylor Foster
GA,Maricopa,2022-10-25 23:12:14,878-346-1921,cc423338-c7af-49be-9f51-3e89e72cef7c,Alex Evans
NV,Harris,2024-03-27 23:32:56,432-231-9616,36d9e819-d0c0-48ca-a8fb-cb1c86bd998e,Alex Adams
FL,San Bernardino,2024-08-24 09:49:46,705-293-6537,6b6a2c5a-f148-4239-9d2a-6bf4982bf637,Jessie Adams
NV,San Diego,2023-06-11 12:47:47,408-500-4167,1c47425c-335b-44f5-86f6-903142e791ac,Taylor Ibarra
CO,Miami-Dade,2021-07-06 22:32:30,932-946-5837,802937af-5d42-46e6-ba59-3936e1218f6a,John Foster
WA,Cuyahoga,2024-02-12 04:17:01,303-543-2310,7eb995d0-3668-4033-919a-8af84db4019e,Jessie Baker
CO,Dallas,2022-05-14 01:26:40,886-693-6498,9775e341-6d11-4897-aa4b-f8faf5be739d,Chris Evans
GA,Maricopa,2022-12-16 07:57:43,759-331-8788,656d5763-df10-45db-92a4-f6c950c41898,Jordan Hughes
MA,San Diego,2024-11-09 09:31:00,887-613-9511,2d2238dd-6d3f-4e63-ab91-2d966903839b,Chris Johnson
GA,Dallas,2020-06-29 04:46:13,604-512-7286,8b6fd902-6e5c-4136-bc0c-d3502d2845c6,Cameron Ibarra
NY,Dallas,2022-07-03 22:48:07,522-201-3103,887252c4-e24d-495a-b110-d3bb4eabbcdb,Emily Evans
NY,Cuyahoga,2022-03-01 21:59:17,651-817-8050,2ab0741e-5e04-4f2b-b1df-295fec644573,Alex Hughes
TX,Miami-Dade,2023-01-23 16:17:03,362-482-2680,498a0e3e-4e77-4429-87be-976d07cecabf,Morgan Evans
TX,Dallas,2022-05-10 19:39:22,484-321-4492,bad99bdc-76e4-4a06-9867-da260bf64791,Cameron Ibarra
CA,Cook,2023-06-07 23:57:17,973-320-7718,cdfad5ac-daa4-45aa-933b-c57f9fd2fa3b,Morgan Johnson
WA,Cook,2023-02-07 17:37:31,258-265-9128,52dce5ff-2a51-48c7-b15f-1053b20fb1c2,Jessie Adams
NV,Los Angeles,2022-10-26 20:28:43,500-746-7939,ced939dd-27af-45d2-ab78-695926954d7a,Taylor King
TX,Cook,2024-07-13 11:35:59,676-725-7472,993993fb-5c90-4ea2-a512-179472f1fb1e,Taylor King
MA,Cook,2023-01-20 02:26:29,250-398-2422,f4dc25b6-a720-446c-9bbc-72c1a068dfe0,Morgan Gomez
NY,Cook,2024-03-22 00:50:03,814-437-6486,4922d70a-b1a7-4cb5-9842-85ce43644679,Chris Evans
GA,San Diego,2024-03-27 13:16:47,558-766-5926,37d0dd32-e9a1-4063-9a2d-47ab92aaed3e,Emily Gomez
NY,Dallas,2020-09-24 04:22:34,201-572-2186,130ef680-e17b-4058-90be-5aa4f9cdffd7,Jessie Hughes
GA,San Bernardino,2024-05-03 16:09:19,817-821-6369,9829a6b6-d6cb-41ad-a11d-bfbdee8088fa,Jordan Johnson
TX,Cook,2021-11-10 06:00:31,983-399-9918,43fed020-88f8-44fb-bb02-bac77a0c6c70,Cameron Baker
GA,San Diego,2020-04-27 00:31:47,388-807-1719,9dad3047-0e51-49ae-b73a-8bd3fa3ffa7a,Jane Adams
TX,Maricopa,2020-01-14 21:17:38,260-323-7990,51685d3f-5ec0-48ec-9bbd-d860e91efd7f,Jane Foster
CA,Harris,2024-05-02 23:11:13,831-626-4501,09fdbd15-97c7-4039-9e22-7d4f191bbe60,Morgan Baker
GA,Harris,2023-11-22 03:11:04,756-629-8043,cb61ebe0-d01a-44d6-868c-23868f90e577,Jane Foster
NY,San Bernardino,2022-08-23 08:51:29,518-346-6370,8d055362-2f6d-487d-bb81-350bb924736f,Jane Johnson
TX,Los Angeles,2023-06-25 19:55:52,266-922-6085,dd1788cb-3994-4cee-890d-d030bc28399d,Jane Johnson
MA,Cook,2022-12-02 06:40:25,886-866-2487,84add4c5-b623-4067-8d61-cb6503f14649,Alex Ibarra
CO,Harris,2023-08-19 00:49:47,815-902-7696,b868ea71-96f1-4e79-a643-b83107fd429f,Jordan Ibarra
CO,Cook,2023-05-20 20:58:26,404-470-3630,9478d17f-cf42-4c53-933a-41fa64e7ed45,Cameron Gomez
CA,Harris,2023-11-01 20:55:54,742-971-7031,90cd24fe-f40a-46e7-9e23-c56942add427,Taylor Hughes
NV,King,2023-01-06 23:02:19,422-808-5483,67f2fbe9-9798-4e63-ad75-afa171ae7144,Jane Johnson
CO,San Diego,2022-05-31 12:02:49,514-449-4182,e7ef65bb-6754-4754-a9b8-7560de20b22d,Morgan Baker
WA,San Diego,2023-07-07 08:57:28,440-991-2641,a4500f40-e2fd-488a-98cf-4c0dd468d7b8,Cameron Johnson
TX,San Bernardino,2021-01-25 15:44:17,215-421-1966,a1edeb41-261a-4617-bdfc-83abfc92b311,Alex Hughes
OR,Los Angeles,2023-04-30 15:26:25,454-956-8761,dbea1818-6b54-4988-aa3c-46480005b614,Chris Evans
TX,Dallas,2023-11-07 12:51:47,649-825-4488,fdf0bd93-171e-4713-9290-6f4bf05da293,Morgan Ibarra
CA,Maricopa,2021-07-17 03:11:03,642-372-5009,a2ff102c-c73c-4b42-aa34-9aa4be16b7f3,Morgan Hughes
NV,Harris,2020-08-11 22:19:56,296-490-1108,1cb0107e-462e-4e96-a48c-1982fae5b8be,Jane Baker
NY,Harris,2022-09-29 21:05:52,738-715-2368,c244feb1-cfc2-4c4d-aebe-e1b105a57625,Taylor King
TX,Harris,2023-02-13 15:05:43,617-473-4174,7877e3e6-1df0-4c3b-878b-a2e200d428f3,Jessie King
CA,Los Angeles,2020-05-08 02:27:32,473-799-5886,88ace9f6-c3ce-4def-8493-a4f68c5634f3,Morgan Adams
MA,Cook,2024-12-15 16:42:42,380-998-4764,5e058dfa-60a1-4e88-9648-2c82d555b86f,Morgan King
FL,King,2023-03-16 09:54:15,969-732-8376,4e379fcd-1427-448a-b475-088f36849182,Emily Baker
WA,Cook,2021-12-20 19:50:27,733-452-7860,a0e5194f-d1e3-4910-ad14-ff380b490874,Jordan Adams
TX,Cook,2023-05-21 13:28:23,624-446-9749,33776712-8624-46a6-b98f-eb17583ef6e8,Taylor Foster
CO,King,2024-08-16 02:49:35,933-220-6830,b68cf6fd-4e1a-4ce4-8e93-0938bbab0833,Cameron Clark
WA,San Bernardino,2024-02-29 09:54:29,581-492-9174,060f8ccc-360c-42a9-8db7-1c344af757ee,John King
TX,Cuyahoga,2023-10-03 20:09:57,339-914-2811,18a409cd-ba8e-4a3a-bdcc-db74933795e8,Jessie Evans
GA,Miami-Dade,2022-08-01 08:53:46,670-320-8112,88571359-859f-4a28-bb0d-e027129d9fbf,Taylor Adams
WA,King,2020-06-07 16:59:23,262-441-7322,afa9462b-d2ac-46dc-9bf7-c1a3467d2f32,Alex Adams
GA,Dallas,2020-02-09 03:09:40,524-833-1334,79a3edde-e7bf-4770-be55-35aad5a12062,Jordan Ibarra
CO,Maricopa,2020-02-27 20:17:06,314-283-8274,16d3ef5a-a181-411a-9026-2718ac97fd0a,Emily Hughes
MA,Maricopa,2022-12-06 02:08:40,276-468-1463,15a70030-d590-4f28-a3e6-5f033840631a,Alex Adams
CA,Los Angeles,2022-02-25 18:50:14,823-622-5912,7697ada0-f736-451e-9229-bb08ed8bd620,Morgan Adams
OR,Maricopa,2023-08-23 00:45:28,592-298-4050,0efcec7e-df29-4a3d-abfc-3f1cb5ed424e,Chris Ibarra
NV,Cuyahoga,2022-10-05 20:13:01,605-801-8110,d5016824-c780-4cc4-bf50-9cdb34b5baa2,Chris Johnson
CA,Maricopa,2023-06-27 23:22:30,246-639-1780,1c77644a-23e3-4e79-a16d-07d78298e417,Emily Foster
FL,Harris,2023-08-06 14:58:05,784-675-6182,fff2a1c1-ee5d-42a3-9cf9-3039103b3989,Taylor Adams
FL,Maricopa,2020-06-19 02:51:59,991-878-3555,9ca65cec-dd8a-4a6d-8039-18df3b23c543,Morgan King
NY,San Bernardino,2023-11-05 22:26:41,235-222-2648,f583da53-e52a-4fd5-b9ab-22e869780b28,Jessie Hughes
WA,San Bernardino,2023-02-02 11:54:02,836-991-7232,4d1adf30-af22-48a8-a501-04467cdeb81a,Taylor Adams
TX,Cuyahoga,2023-05-27 17:06:47,298-994-3263,0fb89b93-6eb6-4ffc-a5e2-041c2ab44080,Jane Adams
OR,Los Angeles,2022-06-18 20:33:59,605-963-1935,2bd7c961-1a7e-4e3f-80dc-d27a7fe3dc38,Cameron Evans
WA,Miami-Dade,2022-03-23 13:28:30,689-585-6577,a565a04e-7f70-4152-b063-61156a382e62,Alex Johnson
MA,Harris,2024-09-18 10:35:15,702-309-1767,01d40352-b2e2-4870-81cc-4e9c4a59c02f,Taylor King
GA,Dallas,2023-01-03 10:44:05,480-694-5163,9bcc3c2b-d75a-46fa-b780-239dfc801cd0,Jane Gomez
MA,San Bernardino,2021-12-16 20:17:36,734-803-6130,8065a6a5-894f-42ed-964a-3cf38ced18fc,Alex Ibarra
FL,King,2020-01-24 04:40:03,298-876-1127,7aa68fdc-3f53-4293-9500-f0c72ec35081,Alex Adams
NY,Maricopa,2020-12-24 20:03:16,809-271-5798,4df65d01-0179-4093-915f-4e46edb3000c,Jane Foster
MA,Cook,2020-08-09 18:37:36,433-208-8106,9dd9bf38-2e80-4bee-abff-10fca6aba768,Morgan Gomez
OR,Los Angeles,2023-07-05 12:37:05,967-935-2918,28fdf381-b34d-4ab0-bbed-ac2ce0651696,John King
CA,Cuyahoga,2023-04-25 23:54:12,984-220-4015,29ec4891-288e-4f86-9a2e-836708274a20,Jessie Adams
WA,Dallas,2021-09-25 05:56:59,516-625-4626,a2fc68d0-fae5-44c6-b198-2481314a90ae,Chris Gomez
CA,Cook,2021-03-31 19:49:31,367-432-4000,6f9e7f0a-7817-4aab-b3c2-2bf7c3455e93,Alex King
NV,King,2023-06-10 03:42:56,504-675-4320,87b3334f-e971-4cf2-aa14-6c74d0d80555,Chris Johnson
CA,San Diego,2021-08-24 06:43:15,317-343-6209,3d89a184-9070-46f4-b156-6086422cb608,Taylor Clark
GA,Maricopa,2023-09-09 11:29:10,241-489-6592,0ddf1ffe-5f3b-4f3b-a2a4-aa6a7dd44059,Emily Gomez
WA,Los Angeles,2022-09-23 23:08:14,533-367-3251,9cc2d621-10e2-4de2-a516-1fb641f6d785,Taylor Hughes
OR,Cook,2020-05-17 18:27:11,557-665-7064,d6aea74c-3b33-4fa2-ad04-0f93736eee03,Alex Gomez
NY,Dallas,2023-07-04 05:58:36,442-207-6816,c785e6c3-cb2a-4c7e-9e0c-221a51bb3648,Taylor Gomez
WA,San Bernardino,2023-05-04 07:29:07,367-425-7234,2bc57d01-113c-473a-b3c4-feaaa5d88999,Alex Hughes
OR,Miami-Dade,2020-03-15 12:43:45,488-597-8137,ba62a6a7-63c9-46db-9c25-bfb3d651475e,Taylor Foster
FL,Harris,2021-07-29 12:08:25,665-452-4259,674bffcc-8b20-4918-a91f-347cc5fe347d,John Johnson
OR,Cook,2022-10-17 01:53:44,653-997-5658,0169e611-6faa-4f36-bbc4-27332541e5b3,Cameron Johnson
TX,Harris,2024-12-23 13:08:23,620-770-2065,11a9e881-9c39-4590-abe2-6da96b6846ab,Alex Baker
CA,King,2024-03-14 01:33:02,312-544-2722,015415b0-ef9a-44c9-8e82-f04ff81e664c,Chris Foster
NY,San Bernardino,2022-02-13 01:31:33,539-332-3826,398a3ad0-e40f-4104-b1e7-2552b21e6525,Alex Hughes
NV,Los Angeles,2024-07-27 08:41:02,623-601-8070,d5869ae9-138e-4582-a5d8-3ab55bbab833,Chris Foster
TX,Cook,2023-10-22 03:48:21,892-308-3224,b671d50b-7fcb-4989-97f4-e03a1489cb96,Jessie Adams
WA,San Diego,2024-12-19 23:09:33,381-299-4979,807de620-3964-4333-b989-140ddacea402,Taylor King
CA,Cuyahoga,2024-10-01 17:15:01,294-562-5420,369ef985-79d6-4808-a96a-42346e8ef973,Jessie King
FL,Harris,2023-03-16 00:20:06,214-785-7246,9d95551a-63c7-4f36-ab42-27c998d6e66b,Taylor Adams
GA,King,2024-12-19 00:39:49,963-757-2812,2ac80586-1d59-4446-9042-90a38c6a4297,Emily Gomez
OR,Maricopa,2022-05-10 09:21:14,945-327-5910,a38612d3-b11c-46db-908d-6cea0e77f067,Chris Foster
OR,Cuyahoga,2023-02-20 16:50:43,608-949-8784,d98ec3e2-5e34-4b32-aeb2-826af3767a7d,Alex Clark
FL,Dallas,2023-09-04 04:28:10,779-819-7840,ff8fbb2e-ac03-46d7-8bee-ed312f226b23,Taylor Adams
OR,San Diego,2021-04-24 18:34:13,886-341-9769,f544557c-a561-4f0f-8ebd-63310f3320be,Jane Gomez
NY,San Bernardino,2021-05-20 20:22:20,800-891-8456,3f981bf7-564e-4899-9552-021514e8c99d,Jordan Gomez
OR,Cuyahoga,2022-07-08 08:14:14,454-327-6230,b9a90b8c-821e-4ec0-a79c-60c8a5cbc337,Emily Clark
CO,Harris,2024-08-20 07:13:27,738-354-4729,a8fcf15c-9c6b-4ce3-ac3c-ad1dcd91ed89,John Adams
OR,Los Angeles,2020-06-24 23:12:35,675-232-5701,630f9314-56be-43af-89ac-643f20b27203,Jane Hughes
GA,Maricopa,2021-07-14 18:34:24,627-758-7344,bbfeed82-6380-4418-9d46-4d2b63524778,Taylor Gomez
OR,Maricopa,2024-12-24 23:46:40,277-224-5366,da064d06-a9b3-458a-b0f8-ac7b59811251,Cameron Johnson
FL,Miami-Dade,2022-05-28 04:47:55,355-621-8194,c04d4404-7418-4e7c-ace0-ca62fdf7a31d,Chris Adams
CO,Cuyahoga,2024-03-17 11:30:14,304-259-7595,10c7f1d4-f938-4c11-94f2-609410ca68e5,Cameron Hughes
CA,Cuyahoga,2023-09-12 00:52:50,485-970-4649,4d01a736-db2f-43ca-bd6e-ca5bbc19215b,Jordan Johnson
CA,San Diego,2021-03-30 01:59:43,610-926-6796,572d765d-beb9-4f0f-8690-b6524de142eb,John Gomez
NV,Cook,2023-01-04 00:40:48,243-910-1675,5f6344b1-b3ea-4058-a7c0-dcab0a100678,Taylor Clark
WA,Miami-Dade,2021-08-29 20:34:47,883-656-3031,caad3f8e-e982-4715-a1ae-23c97d760bd0,Jane King
FL,Cuyahoga,2020-05-11 16:45:24,373-913-5285,ad5ff873-2807-4a00-bbb0-94252ed69a0d,Taylor King
MA,San Bernardino,2023-03-11 20:01:29,972-275-1204,fc21bfe7-6b03-44d9-bcdd-2d0be516e0b5,Chris Evans
FL,Cook,2021-07-05 21:16:53,967-398-8553,7c8559dc-fff2-4ef3-a2e6-ae890b03951f,Morgan Johnson
GA,Maricopa,2021-06-29 13:35:16,297-596-8188,ef124347-f968-4ca4-b8ca-03da602ea2c9,Cameron Hughes
NY,San Bernardino,2020-01-07 01:48:51,447-609-7414,1078c63e-5702-463d-95f3-72db9fa45ab3,Jordan Adams
OR,Harris,2020-03-28 21:36:25,725-568-9715,8ac07cdc-66b4-4fdd-a626-5284c0d28c03,Morgan Foster
CA,Cuyahoga,2020-08-14 07:44:13,693-988-4690,3d53653b-9526-45e6-8bcd-ed72d386fb64,Emily Baker
OR,Miami-Dade,2021-11-16 07:54:14,899-382-3343,8944e0fa-6d14-4e47-b7b9-e1ffaa9a38ba,John Ibarra
WA,Harris,2023-08-29 07:35:48,374-706-7999,7071bc60-2979-4259-8279-55e943fe7dea,Chris King
TX,Miami-Dade,2023-08-24 20:21:35,571-537-3615,c9bd672d-0184-44a9-8819-f59363c1a526,Emily Clark
TX,Miami-Dade,2021-04-08 12:57:39,670-721-4073,516e644a-b25b-49ff-b211-3063e86e7f36,Jessie Adams
GA,Los Angeles,2024-01-14 17:11:17,592-739-8050,ac5fe9d7-6f98-4077-8bcd-3c4a515658d5,John Baker
NY,San Bernardino,2020-10-31 02:35:11,562-401-9465,cab92cd4-7d42-49a6-af76-6ef9ee3a49e1,Chris Evans
FL,Cook,2024-06-09 06:41:50,724-738-4581,55fb03c8-8235-47d8-a896-7aceec06adce,Taylor Hughes
GA,Dallas,2022-01-15 00:31:17,931-317-8146,5ce323c7-210c-4149-a0b3-00afa6342f81,Jessie Adams
MA,San Bernardino,2022-02-03 16:54:11,493-376-3131,4061ff56-d587-4fdb-8ae4-3e2eb6d7d834,Jane Hughes
CO,Los Angeles,2024-10-25 03:23:02,462-403-2615,c7b2ac98-b0cd-425a-ba55-1641a491cd5a,Alex Evans
CO,Cook,2020-07-10 21:01:18,500-815-4015,e6b2c996-22ef-4616-8b6f-1b07575fffe1,Cameron Baker
CO,Maricopa,2022-04-28 19:40:48,553-382-4474,43960a24-863e-4461-9ad8-67a245fcc8aa,Emily Gomez
MA,Dallas,2023-03-25 05:50:47,471-602-9254,065bdba0-88d2-433c-b983-531a1659e6e9,John Johnson
CA,Maricopa,2023-01-15 13:24:09,309-804-4301,5df6f284-cbb2-42b4-888f-de6acfa3ec7a,Chris Johnson
NV,King,2020-09-02 13:40:50,562-875-8063,f494dc0c-2f04-40f6-9eaf-a49ad4f340d0,Morgan Evans
WA,Maricopa,2023-03-04 15:55:13,724-416-9253,49618def-65c1-4223-9b11-b3e120e04ad4,Jessie Johnson
NY,Cook,2020-06-15 09:15:57,272-679-1968,68cce86f-cc69-4132-b0b5-a458fa2d6ecc,Jessie Foster
FL,San Bernardino,2023-09-06 03:37:36,450-663-6912,42dc6adb-d0a3-45c8-9926-e68f1ab1741e,Taylor Hughes
TX,Harris,2024-09-14 00:46:23,429-259-7018,55d3f103-1853-4ecb-8644-b75e5c18a8f3,Jordan Ibarra
CO,King,2024-01-31 17:21:25,408-411-8565,f9ce52b6-29dc-4deb-8576-e211b1986396,Chris Hughes
MA,Cook,2024-06-04 03:07:48,231-923-1455,85348bc0-4517-41f2-9cbb-17a190a13cee,Taylor Hughes
NV,Cook,2024-07-03 01:03:52,887-293-3670,bb9eba70-609b-48a5-9a1f-96f0e8b20828,Jessie Foster
TX,Cuyahoga,2023-01-28 21:04:39,897-897-7219,4ecfcb49-641a-4d29-86f4-9f685b0d7b40,Cameron Ibarra
WA,Maricopa,2020-01-15 03:53:21,416-557-7727,9e5c7fbb-9824-4b02-85a5-3df9c8936d54,Chris Johnson
FL,Maricopa,2023-01-26 11:26:23,843-738-6409,6fe90e6e-df0a-4495-94da-844200231de1,Jordan Johnson
OR,King,2020-10-06 09:56:15,589-400-7781,ce7d8595-067a-49d5-b3ed-160a510ce38a,Cameron Adams
NV,San Bernardino,2023-09-12 11:12:37,930-685-9276,a542cac7-3929-4f0b-8d1d-2b6ab6a8ffa2,Alex Ibarra
CO,Cuyahoga,2021-02-19 10:59:47,520-643-3247,3f42c1f5-4ceb-42e1-b018-1bb86bb17358,Morgan Hughes
OR,Los Angeles,2023-02-05 07:26:40,416-469-1947,8a220746-7e00-434b-b1a4-f400ed96949d,Jordan Clark
NY,San Diego,2022-09-19 00:33:16,377-625-1992,4ad3adde-410a-4e21-8c32-d956ec812eb7,Cameron Clark
FL,King,2021-12-25 14:15:06,553-858-2415,111615ce-2bb1-4825-b60f-dda97bbd5b74,Cameron Ibarra
MA,Los Angeles,2023-08-01 03:13:09,290-897-1549,fc41e100-d80a-4f17-8d08-bc76d83633bc,Chris Ibarra
OR,Miami-Dade,2022-08-13 20:47:20,395-721-1236,2ab1bc43-7828-4164-aac6-ddbdf7067d1a,Cameron Baker
MA,Maricopa,2020-09-23 00:48:11,947-200-8810,2b3f210c-486b-490e-8e02-bd74d941d49b,Alex Evans
WA,Cuyahoga,2023-12-28 14:40:01,684-266-2403,23f9b730-882f-406a-8e75-a3294ae9ca7e,Cameron Evans
WA,Miami-Dade,2023-06-16 18:32:50,441-261-9801,d53d0849-7773-4dc0-9f74-aa5374b5a918,John Adams
CO,San Diego,2023-10-16 01:38:44,436-962-9485,7848ddbe-33ba-406e-866f-73fe263634c1,Jordan Gomez
NV,Cuyahoga,2024-07-14 07:15:57,251-685-7398,e910c9d7-ef76-4567-9e76-bc6a9c260c24,Emily Foster
NY,Cuyahoga,2021-04-07 15:42:30,742-747-6080,29421c90-9b71-403d-b8ad-2e09389bd759,Cameron Clark
MA,San Diego,2023-01-23 17:24:29,945-671-5851,09f4f818-f1e8-4e26-9dff-145c4d0b59c5,Jane Adams
TX,Maricopa,2021-10-30 02:27:08,285-256-5591,69b0b2a1-25c8-416e-9641-64ace0a35978,Jessie Baker
GA,Cuyahoga,2020-05-04 04:01:10,458-852-6835,9f245c2e-cd99-43f6-aa29-5eea10f20d91,Jessie Johnson
WA,San Bernardino,2021-08-16 00:53:04,426-910-8961,ac479d1b-ae83-4465-98b4-c701323e27b3,Alex Clark
CA,Cuyahoga,2022-06-26 15:06:32,875-247-5017,ffca0c3f-1eb2-4b5b-913e-41c3e3c37600,Jane Evans
NV,Los Angeles,2022-01-15 17:29:24,831-244-2797,779b8b73-fd05-4f9c-8ebb-dbf9c685bc9c,John Hughes
GA,Harris,2022-12-07 15:36:27,901-752-3826,4e6e165d-81a1-4e2f-b14d-92728833c17f,Taylor Adams
FL,Dallas,2024-04-19 13:27:10,671-672-6071,d562ea6a-2801-4876-a0e1-13277d079bfb,Taylor Gomez
CA,Miami-Dade,2020-07-29 10:54:55,247-284-3896,e6f0c35b-c664-43c5-82a9-9e34da8b0b0b,Alex Johnson
WA,San Diego,2023-07-18 12:15:58,245-316-3699,81191c00-0905-4121-8311-3a5be654904f,Alex Adams
FL,San Bernardino,2020-07-07 04:38:31,741-725-3825,5c0e930f-806d-441a-a995-9cf71c84076c,Jane Baker
CO,Cook,2020-09-07 18:26:02,322-448-1884,b697dec2-9ca8-4612-921b-3d7271e6eb5d,Alex Ibarra
TX,Harris,2023-07-31 22:35:13,346-627-1610,79b472b1-5009-4cd8-9a46-400a4160a1b7,Alex Ibarra
CA,Maricopa,2023-05-17 18:02:06,389-465-3111,a349f8c4-ab3d-4268-863f-d7a0404f1e0d,Taylor Ibarra
NY,Cuyahoga,2022-09-22 18:01:32,863-250-5857,7b13c7c2-2aed-4ede-8a26-4427af1c361e,Emily Gomez
NV,Harris,2021-12-28 10:55:32,580-786-3520,623a6650-02dc-4e54-99ea-f37c757973ca,Alex Hughes
NY,Cuyahoga,2021-10-27 03:04:48,308-696-2856,ab1eb8d3-13c3-4f3f-ab39-7dc5cd2c0eed,Jordan Gomez
TX,San Bernardino,2021-09-04 16:56:26,871-291-3223,96221812-0553-4bc8-80a5-97bfecda3962,Cameron Evans
NY,San Diego,2024-08-24 09:38:39,263-878-3768,1166821d-3ff0-4db4-aaa7-7b96c178fd68,Taylor Ibarra
NY,Los Angeles,2021-11-01 06:40:49,520-646-3995,21fc7ec5-e79a-4862-9892-dda15ae516e1,Jordan Gomez
WA,San Bernardino,2023-10-05 16:24:41,567-723-2054,610ad1be-74ee-415a-a12e-5262aaa6296a,Alex Clark
GA,Miami-Dade,2024-09-30 14:11:05,437-641-9071,c6f12e21-c686-47ee-ac02-3b669ad33fae,Chris Adams
NY,San Bernardino,2022-08-03 20:19:33,792-621-8409,75ae89e1-eceb-42d8-87c2-cfbc8d7b5c54,Jordan Johnson
CO,Maricopa,2022-03-25 01:49:18,604-562-4587,d2f73b82-cf62-4644-b4f2-03be228b1685,Alex Gomez
WA,San Bernardino,2021-03-31 19:55:56,406-848-5194,2102b024-edc4-4205-a149-01cb386f3af4,Emily Gomez
TX,Maricopa,2024-03-10 09:36:11,824-938-3069,a9af754d-b048-49db-8a8e-68ec960713c1,Morgan Hughes
FL,San Diego,2021-06-09 11:50:18,210-646-2367,28cc0980-1562-44a2-b106-0fc6886d0097,Alex Gomez
CA,Miami-Dade,2020-11-09 22:07:26,595-620-8528,a6fdeac5-1766-4ae6-9b1d-06397f8cd454,Cameron Clark
OR,Harris,2023-08-25 21:06:04,468-433-9393,103657a3-bed9-4e31-9667-cfee682628e1,Emily Foster
WA,Maricopa,2023-11-06 06:47:17,431-277-5161,1cc0cbf6-85f0-4e8c-8115-1b4bd43a325e,John Gomez
WA,Harris,2023-11-03 02:34:08,917-634-1425,aad6e03e-d2c7-4e1e-bcac-92c81b798c0b,Emily Baker
OR,Los Angeles,2024-08-10 12:21:51,841-891-1602,916f1105-11c3-4c36-8e7b-c4f421cf7389,Jessie Ibarra
NV,Dallas,2023-12-04 01:33:33,522-913-6309,4dc33020-2882-47d1-8b4b-b7ce1a124dc0,Alex Johnson
TX,Cook,2024-04-27 22:18:32,708-699-1847,b9d85a5e-3c81-4e51-b4cc-a3b292a0f519,Morgan Baker
OR,Los Angeles,2024-08-13 08:51:39,383-792-2844,0da1fe8f-4d0a-4511-9605-3b2f1f819d74,Alex King
WA,San Diego,2021-11-25 14:52:25,833-714-7575,fb0d5840-8fdb-4a4b-91dd-3c3d8bc0f9bf,John Adams
MA,Cuyahoga,2023-12-18 17:05:46,480-957-5695,24eb1e34-0fb7-42f5-982d-6469574cb58a,Jordan Gomez
NY,Cook,2024-10-07 22:15:27,293-753-7517,723208f3-141d-497a-b638-d1d982230dee,Taylor Gomez
OR,San Diego,2023-02-24 01:32:47,267-571-1179,4796cb7a-9a51-41c1-a491-b9d567d7cc34,Morgan Hughes
GA,Cook,2020-07-31 01:42:42,896-503-4935,98618ec9-2b72-47e0-adf5-171ef4509438,John King
CA,Maricopa,2023-04-11 21:43:10,450-783-9693,8df4d238-6972-4a3c-b924-7f4dd18b7227,Morgan Clark
FL,Cook,2024-08-06 02:45:19,972-358-8225,430204e0-ab7d-4ff0-96bd-80a219ccf3a6,Cameron Gomez
GA,San Bernardino,2024-01-31 10:53:13,463-657-6600,3ed6188e-b104-4f4f-83d9-f78f2f161b54,Taylor Evans
WA,Los Angeles,2024-04-13 02:50:52,551-546-4810,6ee283ca-2e91-4508-b2e7-93caa2a111ed,Jordan King
GA,Cuyahoga,2023-12-28 21:11:07,420-369-1910,d6334596-ec09-414f-9c3a-2288a58862ed,Emily Gomez
GA,King,2020-11-07 05:31:31,383-823-5242,2f3a2392-7e01-4a92-971e-9d8fcee56078,Chris Hughes
WA,King,2022-04-18 01:17:13,341-918-8997,2ab801a5-6a40-45f1-b73a-9cd7f7fe1663,Jessie Baker
TX,Los Angeles,2023-05-09 02:59:25,668-224-9065,f3c96994-181c-42ad-bb8c-47f6694608ca,Jessie Clark
WA,Maricopa,2024-07-15 08:47:10,591-652-2387,7429370c-59ad-40f6-8be3-e1ddc3b3c699,Taylor Baker
NY,Miami-Dade,2021-05-08 12:39:18,580-405-9839,ecfd3692-320c-42af-a303-f71b901558be,Alex Clark
FL,Harris,2023-11-12 21:25:40,217-364-7258,d04f31c8-139e-467a-b0c3-cccce6f91088,Emily King
CA,Cuyahoga,2023-02-26 00:45:31,995-252-7857,5416cbb4-da98-4b62-8830-d159d68543c9,Chris Hughes
CA,Dallas,2023-08-28 20:10:19,732-831-2498,16b64848-abfa-46ed-aaed-a3996feffa5e,Chris Baker
FL,San Bernardino,2023-08-06 05:02:48,548-580-7527,9d277d98-d0ec-4724-a235-6f135bde33b0,Jordan Baker
TX,Dallas,2020-05-29 05:29:01,325-787-8541,73d6c310-bdae-48bf-b739-2060623680e9,John Clark
FL,Dallas,2024-06-13 16:47:04,395-715-6451,3df5a260-82bc-4eb7-8c5d-ca927197c83b,Jessie Adams
CA,Miami-Dade,2023-09-10 23:04:26,765-221-3090,43e3bcf1-7ce7-4c9b-8677-c7578c117ece,Taylor Adams
MA,San Diego,2024-10-24 06:59:47,314-737-9605,61f037a3-70dc-4773-bfb9-afc706bed8a8,Cameron Foster
OR,Cuyahoga,2022-03-27 17:03:30,587-457-2931,328b8477-6994-4e48-8688-61fbbce49430,John Clark
OR,Cuyahoga,2020-01-02 12:35:51,436-272-8440,223034a3-be00-48a8-92e1-83fb2dd46f99,Jessie Clark
FL,San Bernardino,2024-04-06 14:00:53,858-358-9236,6444de52-5650-42f8-bde3-a04aef8368e9,Emily Ibarra
NV,Miami-Dade,2022-04-09 19:56:26,485-215-3331,e3d627db-d5d4-48a5-ba97-fcba014c54cc,Chris Foster
CO,Miami-Dade,2022-07-04 05:27:56,715-946-9320,39e2c651-3d5a-466a-b8ec-b61927afd1d9,Emily Adams
OR,Miami-Dade,2021-07-03 06:20:02,252-346-3703,233d31ce-d6b4-45a9-b5d4-79f5bd794595,Jessie Evans
OR,Maricopa,2021-03-28 14:35:37,766-837-7718,d204f3a2-4c12-46ef-ae53-18e5dacf5bd4,Chris Hughes
NY,San Bernardino,2024-03-02 22:07:37,425-422-2560,52be5ec7-000b-4b79-b236-6254cfebbaf0,Taylor King
CO,Miami-Dade,2021-01-27 19:54:35,861-362-1629,5ec43dee-6ac8-4628-b93a-a4bdcd9a9a60,Jane Hughes
CA,Dallas,2024-08-27 03:11:10,333-756-6093,a0ba63f8-baed-4f77-aa28-2871f4ff5f89,Cameron Baker
WA,Los Angeles,2023-03-13 08:50:36,827-339-9489,6b513c49-43e0-41bc-aa55-49d91f580f5d,Alex Johnson
NV,Maricopa,2021-07-26 21:43:17,604-234-8363,8895c48d-e226-4a5a-ad9e-9b6fec21d866,Jane Clark
MA,Dallas,2020-03-21 19:44:14,406-250-6952,31e02f4c-a4a2-4d4f-8c26-4bb91c03f181,Jessie King
MA,Cook,2020-01-29 17:59:25,609-998-4492,7b07a485-dc4a-4695-aca4-652fb5525797,Cameron Adams
CO,San Diego,2023-04-26 02:42:59,372-380-5751,f7079982-6368-4926-963e-90528c0d12a1,Cameron Adams
CA,San Diego,2023-01-31 09:41:31,212-859-7434,6b5dc313-2c2e-4cfc-a117-b55a8ccca054,Jordan Johnson
MA,Cook,2023-12-29 11:27:52,767-735-7105,7007935b-7afb-4c1c-9420-119305e77f00,Chris Adams
CA,King,2021-06-24 00:42:10,975-210-9849,d403581b-11d0-4ba1-b880-f209d2de7750,Morgan Adams
CA,San Diego,2023-06-08 08:12:08,876-276-3604,7ffc86c3-fce2-4c00-9adf-54eb0e2b0779,Alex Ibarra
MA,Cook,2022-09-16 18:38:14,411-582-3634,99c24cee-3073-4df6-8d87-13c8a190826e,Cameron Johnson
GA,Maricopa,2020-02-05 09:54:55,797-935-3354,169162c0-60fb-49bf-931d-522f790de572,Jane Hughes
NY,Maricopa,2020-11-12 20:08:08,990-964-4531,8095cdc1-7983-43e2-bbf4-d4cb3a3579f7,Jane Clark
NV,Los Angeles,2022-11-22 13:09:12,208-823-4179,864b9b5c-8416-40ee-831e-bd63d75ec474,Alex Ibarra
NY,Maricopa,2022-01-18 02:42:59,664-416-4430,807e0cd2-5e09-4224-b10f-feebeee88d51,John Johnson
CA,San Bernardino,2023-06-30 06:48:50,699-617-3025,ae349c36-1667-4fa1-be62-1f2b4bfee3d9,John King
FL,Cuyahoga,2021-07-16 13:54:37,640-408-4025,d64a2ffe-65bc-4091-bb7c-06e51190b96e,Emily Johnson
WA,Maricopa,2024-05-30 16:24:09,347-835-2607,e604628e-45e4-445b-a878-7f14272feec5,Morgan Foster
MA,King,2021-10-16 09:41:10,585-694-3354,ce1b84f9-1431-4bbb-a057-6d6cb5a20221,Jane Adams
CO,Maricopa,2024-06-03 10:30:38,371-748-8468,b2f5b0e6-4dbe-40bd-8d54-43f16d2eb6cc,Chris Hughes
CA,Dallas,2024-07-12 08:33:04,855-545-4353,71504c75-ae2a-4793-a813-95f836286dbf,Emily Adams
WA,Los Angeles,2020-02-13 14:06:43,451-223-3680,497a93df-124c-4a21-997e-2a1860907307,Jessie King
NY,Cook,2021-08-09 08:49:21,469-942-9653,04824ab8-8294-48b0-82d9-4ddb2690c9b8,Cameron Johnson
NV,King,2022-05-16 13:05:46,756-665-4143,2364e375-725b-4301-910b-3de66886c31d,Jessie Baker
NY,Cuyahoga,2022-02-08 04:30:32,743-467-8641,0b2a4e9f-fc86-4f63-8cee-7e7b8738811f,Alex Foster
WA,Dallas,2023-01-01 02:13:59,510-419-6291,4fa0c71c-2448-4488-9c0f-bbff5f87fb8a,Cameron Foster
FL,Harris,2021-01-04 04:18:55,855-205-6318,db6015f5-317c-410a-98d1-2245f956fb03,Jessie Evans
NY,King,2021-01-25 22:28:37,480-590-7017,aa4cbb12-ead9-4516-8b1d-9ea48b68a270,Cameron Adams
FL,Harris,2024-07-11 13:50:58,370-440-8258,1d626901-1957-46f2-8b93-3d0ca7c98798,Chris Gomez
MA,Cook,2020-05-24 11:35:49,203-996-8289,cb86bc47-d495-4689-b71c-58caf1d97fc7,Emily Clark
NY,Miami-Dade,2024-03-31 04:55:00,774-567-8471,acf9ef09-d681-4e67-b5f1-7ce417b8b464,Jordan Gomez
NY,Cuyahoga,2024-10-28 03:39:00,396-253-9810,4f43df54-c958-4d0e-ad1c-f7745ff07e7f,John Johnson
GA,San Bernardino,2024-10-26 21:12:34,261-665-6987,7f9ce031-2894-4db5-b2ae-651b23524955,Chris Evans
GA,San Bernardino,2020-12-19 08:20:40,362-454-8907,685b1101-3ea5-4781-a593-a6051409992b,Morgan Gomez
CO,Dallas,2021-11-13 01:54:56,698-892-6247,4dc92332-c87d-42a2-8c4f-53d39e0dc772,Morgan Baker
FL,Cuyahoga,2020-03-09 12:04:49,228-679-6284,3322ca99-39f7-48cf-a03f-db6bd56441b4,John Gomez
CA,Miami-Dade,2022-12-27 10:00:43,462-395-8633,033d95a8-7e2d-4dcf-9701-6180e227dbae,Taylor King
NV,San Diego,2023-04-18 18:17:41,739-848-3353,840d2d86-c7a2-4832-a43c-a794ff58062c,Emily King
FL,San Bernardino,2023-11-23 11:32:02,982-232-4295,a2cdb73a-71c6-4eaf-8b94-adec7daa8b53,Jessie Johnson
CA,King,2021-02-03 03:47:55,595-220-4148,fc05fe2d-2b44-45ff-8fa6-6ac5bbc9a22e,Alex Clark
CO,San Bernardino,2021-03-13 04:54:45,793-878-4523,7b22701a-b93f-4ace-9efb-7eb1f05f82a4,Jessie Johnson
CA,Cook,2020-10-12 20:47:59,315-699-5069,4a7e57c9-5fda-4fdc-a020-4286eb134373,Morgan Ibarra
WA,Dallas,2021-11-06 14:27:14,800-540-3778,997086c0-da3e-45ba-87fc-2a4ea55c7420,Cameron Evans
TX,Cuyahoga,2022-02-14 14:17:22,279-622-2515,22243085-8edf-4aa6-bb33-7b94cf2c05ff,Jessie King
CO,Los Angeles,2024-03-26 14:49:35,293-896-4865,1440f70a-2536-4a8b-9e5e-5f98c36bbd97,John Ibarra
TX,King,2023-12-16 19:53:54,409-395-1928,ec3a5c79-d551-4088-951d-1e68116ebedf,Chris Evans
FL,Cook,2023-02-25 18:33:45,677-642-4446,2803036f-e1a7-498a-8adb-ea8785019360,Jordan King
NY,Los Angeles,2023-11-16 03:48:59,346-744-8982,59868145-4e62-4d44-9d23-9e839a443e95,Taylor Hughes
FL,San Bernardino,2024-04-27 16:23:57,241-743-6552,a29e4476-dd8e-4043-abc8-90c76979cb9b,Taylor Evans
CA,Cook,2022-07-22 04:31:54,452-968-5292,c95c34f2-f999-4441-8cfa-f80fea374175,John Baker
NY,Cook,2024-01-09 00:54:45,712-227-4954,a6765a27-36ee-4c55-9274-e7819b6c3d4b,Cameron Baker
NV,Miami-Dade,2023-06-08 09:42:44,866-818-7198,7a8374a7-4ec9-47e6-9481-e3f9c688f85b,Chris Evans
MA,San Bernardino,2021-11-15 20:57:41,535-383-9563,b4060d0d-9864-4129-9dd0-f5c348e3c371,Morgan Baker
CO,Harris,2020-06-08 03:31:52,742-626-1310,172069ba-4609-4528-8158-0f1874631404,Chris Ibarra
CA,King,2024-10-25 08:57:47,663-261-9680,af26c502-c968-45dd-bd9b-18f35e79d104,Cameron Clark
CO,San Diego,2020-05-24 06:07:50,632-775-5921,c55f778d-13a3-4421-a347-32802a6b3fb2,Alex Evans
GA,Harris,2021-02-15 10:19:24,240-574-1628,5309c7de-bb35-4dee-9a7f-47cf69f61fff,Chris Hughes
CA,San Bernardino,2020-07-22 02:35:35,662-439-6131,bd303793-fc26-4bc4-9fd3-691ecd8df5cb,Cameron Evans
NY,Cook,2023-09-05 21:05:31,355-758-3345,e4835b08-9c7e-4b3e-a7bf-1e9eb16bf135,Jane King
TX,Dallas,2021-02-09 22:54:57,928-381-7830,4cd9914e-760c-478f-806e-d239b11c6b8e,Jordan Baker
NV,King,2021-08-24 18:55:55,790-507-2069,cf0b35c0-1589-4360-861a-a0e6320a1100,Alex Ibarra
OR,Harris,2020-03-15 22:00:23,483-752-7879,6b4272d3-3c32-46ab-a7c5-32879b24e041,Jane Ibarra
OR,Dallas,2021-06-22 08:15:29,654-416-1168,c07acd2d-89b2-42d3-96b8-befa0e0835be,Chris Ibarra
NY,San Diego,2020-09-19 10:35:44,911-618-5351,e943dba2-e043-4355-a6e8-9dfa80e3bccc,Morgan Ibarra
FL,San Diego,2022-10-08 11:41:18,732-911-6274,2d1def3b-cb9d-47d9-90c0-04f822765caf,Jessie Foster
NY,Miami-Dade,2021-10-17 19:55:27,712-434-9065,eba8994c-3b6a-4471-b25a-61d7a8118747,Taylor Evans
WA,Miami-Dade,2022-11-08 19:11:41,842-921-5046,bc551838-4a75-4c59-a90d-e3cf6149559c,Jordan Hughes
MA,Harris,2022-07-22 18:43:45,350-342-4791,1d2fc7e0-c58f-4d34-ba95-5f6b8a0dd5bb,Chris Hughes
CO,Los Angeles,2023-10-15 17:26:42,989-927-5014,919c0087-b7dc-4027-8e78-3f7e800a23e9,Cameron Foster
OR,Miami-Dade,2021-04-26 01:57:32,539-655-3609,d20ccf5d-8074-4c45-9f25-b4cc43af4de5,Cameron Evans
TX,King,2024-07-19 00:54:39,875-217-4809,db5cb292-7aab-463c-9462-7d4d047edfba,Taylor King
NV,San Diego,2023-01-30 03:36:05,611-898-1219,daedf23c-aff4-442f-94e4-54067f894951,Jessie Gomez
CO,Cuyahoga,2023-07-29 23:56:51,617-336-1219,5fcd0f65-f230-42d8-9196-756a87315801,Jessie Adams
OR,King,2024-04-24 18:51:02,820-573-3252,af167faf-97b2-4a64-861c-ffbe9665496d,John Gomez
NV,Miami-Dade,2024-09-30 13:44:06,352-275-5464,4aecfe76-58cf-4c4a-af39-8ea1f5ec6516,John Baker
CA,San Bernardino,2023-06-21 12:32:49,758-275-9715,b57240b9-11d6-45d6-965b-db6010daa280,John Hughes
OR,Maricopa,2024-05-03 11:42:03,353-878-5638,b070fa16-9cbd-4dd1-974d-368bdf38d1a0,Alex Clark
CO,Dallas,2021-12-03 02:09:34,880-290-6374,0c16733d-acc2-48a1-94fa-de0be0dfc6e5,Taylor Foster
OR,San Bernardino,2023-05-27 21:03:06,757-809-4833,925f023f-f4cb-4b54-9248-de9e64286be5,Jane Foster
NV,San Diego,2024-09-25 10:39:44,648-478-5465,ce3ffb54-5afa-40a4-8228-5a347e311b54,Morgan Ibarra
CA,Dallas,2024-11-10 23:57:26,587-201-9472,f5018891-f34b-4fa2-a063-be8c520f85bd,Alex Johnson
WA,Maricopa,2024-08-12 02:00:38,892-413-7691,e47f1d41-8a77-40f4-a534-b32d1cbc4bfb,Chris Foster
NY,San Bernardino,2023-10-05 23:09:54,860-847-2779,e7c3d8ec-842d-41f0-a661-e01677d5ddfc,Jessie King
TX,Harris,2024-07-26 20:34:22,363-820-4027,4c302700-7bf7-4cb8-9c91-14503b1b2c68,John Clark
CA,Los Angeles,2023-04-16 23:44:27,514-489-3507,3c166c42-2d81-4f90-96b0-488c6a6850a9,Chris King
CO,San Diego,2022-02-12 22:19:23,659-880-9172,f9960617-4efb-4b24-9309-a6ab26f14bd4,Jordan Gomez
MA,San Diego,2022-10-05 04:35:42,423-322-7965,1d371b94-65c4-4ee5-bec1-28aa02509adb,Jordan Foster
CO,King,2023-02-23 10:22:07,251-877-6009,b8d27119-2c2c-4e15-855b-0904d0d87200,Alex Foster
CA,Cook,2020-08-29 08:55:32,695-830-6385,e5408429-a939-49c3-80f6-82b09a7a39a0,Jordan Ibarra
FL,San Bernardino,2024-08-08 06:05:30,918-725-1620,e9218c0e-47a4-4feb-9920-54ea55917e7f,Emily Hughes
WA,Maricopa,2023-10-21 13:12:19,617-574-4338,b495413b-9c6a-4359-b3e4-2573cb388737,Alex Johnson
OR,Cook,2020-10-04 04:35:10,526-647-9701,059e0504-773d-42bb-b248-226eb8960862,Cameron Johnson
NV,Dallas,2024-07-06 21:54:22,506-438-7992,f07c7cfd-6f7d-45fb-b9b1-4b1763303b69,Cameron Evans
NY,Cook,2022-11-05 00:42:47,416-427-2415,7189c458-5fdc-4aa8-8593-1a7fd7c45de2,Jordan Clark
MA,Miami-Dade,2023-08-20 04:47:59,377-557-7469,d3e6db3a-d724-47c0-b401-a59796f3c21d,Emily Adams
NV,Dallas,2020-01-14 23:13:36,727-438-7910,d58bb49e-ffc1-42a5-8260-681b83425bff,Chris King
WA,Maricopa,2020-12-26 20:30:46,235-385-5760,7c503abf-daab-459a-9109-1e2c77c35229,Taylor Clark
CA,Dallas,2021-06-14 20:30:01,428-379-1166,2d3fa22c-1064-4b6e-9c28-a9921875ca6c,John Ibarra
MA,San Bernardino,2024-07-24 06:41:27,812-242-2019,3d58f87e-613d-4b7f-848c-5f3034ce8eba,Chris King
WA,San Diego,2021-08-24 15:25:48,918-978-1353,1d1b9a93-bedb-4a3d-b266-a384164c10d8,Taylor Hughes
GA,San Bernardino,2023-03-16 12:29:42,792-975-2537,dc078832-128f-43f6-af6b-8723fa37b9ed,John Gomez
WA,Miami-Dade,2020-12-15 10:16:48,536-449-9063,d2a86ae6-af3d-4265-94fd-97d52ae748a3,Morgan Gomez
MA,Harris,2020-08-30 20:27:52,675-597-9383,f70c2ca4-ede4-41b4-b754-5c5a724e709b,Taylor Ibarra
CA,Dallas,2024-09-12 09:00:25,929-227-3372,552f2d8b-87e5-4613-9b3f-40271a39200d,Taylor Gomez
FL,Harris,2020-04-09 22:21:09,756-486-3383,77f80250-b368-46bb-8f3c-4a083fb79a49,Taylor King
OR,Harris,2020-01-03 14:50:31,218-287-6705,5d7db5a2-98b5-4d11-b9b4-c379235f648d,Jessie Ibarra
FL,Cook,2023-01-31 00:17:21,270-321-2811,cc24ad3e-788c-403c-80f1-b8621aefe552,Jessie Gomez
TX,Harris,2022-02-18 11:05:59,428-845-5444,c497ae7d-ca6a-4da7-a0f9-20dda2cd0f40,John Foster
GA,San Diego,2023-03-07 06:31:12,681-219-7042,24f42eb5-95db-4f26-8ebf-ae5e7677bf76,Cameron Adams
WA,Maricopa,2024-08-30 17:12:46,794-897-2054,62491498-d171-4e71-817a-4ffee443ab4b,Morgan Johnson
FL,Cuyahoga,2020-04-09 17:48:23,918-543-6783,92a38f79-8f41-4027-baea-0d7b8d8f1c88,Jordan Evans
NY,Cook,2020-03-03 13:28:32,964-580-5797,a99d0d20-8840-42b9-b8be-9a24e17cd0c4,Taylor Evans
TX,Miami-Dade,2023-08-24 11:14:56,226-334-5928,91c3802c-bb95-49e9-9dc9-a0c29cd8e862,Alex Evans
TX,Cuyahoga,2023-02-25 20:42:44,634-837-4706,48d84fab-dc5e-4873-8496-a14e87f40f1f,Jane Johnson
GA,Cuyahoga,2024-10-18 04:47:52,265-978-5251,3b340d8c-0ce4-443e-894a-d81b1b7d15a0,Jessie Ibarra
FL,Maricopa,2024-08-19 18:19:51,516-294-6990,08cabbbf-c36e-45cf-8a0e-0ce9af8bfa59,Taylor Johnson
FL,King,2022-03-13 10:28:32,262-426-5707,692258aa-a772-4997-b2db-4db39508f364,Chris Baker
TX,Los Angeles,2022-01-28 14:06:59,895-694-2162,3ce2dc85-f5a0-49dd-bf58-b5c762c77ea6,John Ibarra
CO,Harris,2022-05-21 02:53:09,975-919-5234,7015f5f6-37da-475a-a9ea-40f2b3925c90,Cameron Baker
