name,age,city,zipcode,phone,state_code,order_id
Alex Evans,34,Boston,10379,743-452-8672,WA,e8bc6853-4297-4dc5-bf39-714c3db34edc
Chris Baker,52,Denver,10785,692-522-9836,CO,b67a78f5-6bd7-41ef-a707-634e825a16fd
Jane Baker,59,Boston,78752,975-570-6833,WA,f25ee3bd-effd-4740-862d-88efc3a294d6
Emily Baker,65,Austin,77771,753-913-8344,CO,4af747d0-acd5-40ba-8602-41373c667b2f
John Evans,36,Denver,47389,693-748-6663,TX,bf2b8921-b665-4297-9e97-291220a0acb4
Chris Adams,30,Austin,11382,692-550-8296,GA,13815f3e-5d40-4f34-b92f-5911681fe94f
John Foster,19,Denver,88246,753-410-6265,WA,15d2cd52-be1d-44a4-bfeb-f95bfdbe798c
Emily Clark,30,Seattle,56092,726-991-3095,TX,1fe2990e-1d2d-44e3-89c4-625c3bc02bcb
Chris Foster,60,Denver,92481,889-251-5800,WA,24bb90ac-a915-4f11-804c-d8a069a21e44
Chris Evans,18,Atlanta,30389,344-585-6085,CO,0a670b2e-6f26-42d2-bb8d-2a1c6cf7bdf9
Jane Evans,52,Denver,84623,509-868-6964,GA,1b7379d1-b6e7-4e29-96c4-4489c09bbe6e
Jane Clark,51,Denver,74601,621-320-2800,CO,d1804b73-f94f-44c6-9375-bb7379a0e77b
Chris Baker,32,Austin,29627,279-727-5242,WA,bf2253e6-e841-426f-850d-c18662eb3c69
Chris Clark,60,Seattle,72033,348-409-4515,GA,5acc8a5e-6924-478d-a950-8500be9678af
Emily Evans,49,Austin,42199,266-375-7558,CO,2563d978-2ca7-4a9d-866e-9c12869f2a2b
Jane Adams,21,Denver,84415,597-206-9099,GA,576ad1a6-d624-4b1a-a808-10561db9979b
John Foster,39,Austin,17805,955-229-6103,WA,3162bbcf-ff55-46b0-b9a0-69c271da368f
Jane Adams,37,Atlanta,15552,700-447-5006,MA,fb30cc97-32e0-4440-bf2a-db919228ce06
John Adams,28,Boston,66188,232-221-9817,TX,9022bdec-c541-4db5-bdba-4f5d8d23d430
Emily Foster,51,Austin,70150,642-722-7115,WA,8b620e97-feba-4bbd-80a2-0bcfc2486ae9
Jane Clark,31,Seattle,45050,468-336-2791,GA,8a9cab7e-0e5d-4bb7-8a91-6706d6043606
Chris Baker,66,Boston,74499,653-742-7876,WA,42053709-9d8b-4d75-bcc7-2a297e7e6617
John Adams,41,Austin,21987,210-447-9514,GA,3ca3cea5-efc5-4a1c-ae8f-bd72227208a5
John Adams,53,Atlanta,94856,594-880-2854,MA,f46fb876-f835-4065-9503-6374ff722d6e
Emily Evans,58,Austin,68283,809-249-3418,MA,92136dbb-aed7-41ee-a5f4-72c0f0393113
Jane Baker,40,Austin,18085,790-367-8068,TX,a21bb31c-133e-485f-8093-304a033c2a65
John Foster,56,Seattle,82655,705-656-1882,TX,e405d21a-b9ec-4a7b-88e9-19e0bccca307
Chris Baker,48,Atlanta,42035,777-958-9275,MA,e0936bf1-0220-4f2e-af20-e026fd518e3a
Emily Evans,45,Boston,57217,332-258-3913,MA,15cadb9b-045b-4f48-a865-5699946b20f9
Jane Clark,32,Atlanta,97600,595-316-5012,GA,d89d9374-8be2-49d3-92d7-ac06b901e6e9
Emily Baker,40,Denver,97459,889-444-8243,GA,1c88e524-2aef-447b-8460-46f3486a2922
John Evans,51,Seattle,63928,428-539-2306,GA,9dc7c7d6-c17a-4245-ac68-bce93bec30b1
Jane Adams,42,Atlanta,50371,409-563-8185,WA,29aeb415-c6ea-42fa-bb41-76407f87a19f
Emily Foster,54,Denver,54558,621-869-7342,TX,7ea87fe4-0f18-426b-a104-827ee8d5fc2c
Alex Baker,56,Seattle,93791,779-672-7397,GA,d51917b6-7af5-4ff1-ba2a-aa785f02f6d4
Emily Baker,48,Atlanta,23330,479-256-7890,CO,846ad73d-3286-4c46-8800-f4efa9296087
Jane Baker,53,Seattle,43298,464-603-9383,CO,bd965669-64a0-4d35-bbe1-588e7999eb4e
Alex Clark,43,Boston,96479,758-771-6859,GA,427a334b-ac3f-4749-95de-5e55b3e4f366
John Baker,66,Atlanta,40566,885-768-6432,GA,4afb66af-0c84-4813-8d90-aa39f1869f41
Alex Evans,56,Seattle,59683,324-557-3352,GA,c1054450-c768-40f4-8816-ce5da27f0f0f
Alex Foster,23,Denver,63447,899-751-7210,WA,c7707499-8b89-4201-8f8a-5a48ee3e7a08
Emily Evans,67,Atlanta,54795,293-818-4829,MA,75e28f2b-806c-403e-a4d7-e4f48fc2e54f
Emily Evans,37,Denver,72682,494-525-3855,WA,a0e21a18-5c22-450a-b232-a5d4adf45b1a
Chris Clark,58,Atlanta,56087,953-866-6975,GA,d61ed041-3f3f-48c6-8f4b-11cf2a6742a0
Emily Baker,67,Denver,40246,485-373-1557,TX,a0d43436-e5b3-438c-958c-36beccb5f634
Emily Baker,18,Boston,20715,613-863-3327,CO,757ef777-d7f1-4fff-834f-d0f6a00f30ee
Emily Baker,34,Denver,96969,670-666-7585,WA,64dbe22c-2efa-4a29-86e7-3bfd09f762ea
Chris Baker,47,Austin,37632,735-371-9913,CO,0c550387-0682-443d-ac2c-9a2c9241eb9a
Jane Foster,25,Atlanta,20830,462-775-4061,GA,e983ff1a-7ad3-403d-b31b-48b3cfe71319
John Baker,33,Atlanta,45215,554-487-6112,TX,eb5fa37b-612f-4bee-a07e-947acdb5cf2b
Alex Evans,34,Boston,72462,426-975-2858,CO,bfc85d28-f98c-42d9-904d-3f1f9ec38129
Jane Adams,52,Boston,10893,739-506-6609,CO,9426477d-fb37-4577-8ee9-3e71201ed6d4
Chris Foster,45,Seattle,25147,286-421-9886,TX,78714425-b6c6-48da-8ee5-2a922f731d3a
Jane Adams,27,Austin,39966,557-797-9650,TX,f21beb07-608e-4117-9c73-83f9e576f8f6
Emily Clark,23,Seattle,51180,751-926-8395,CO,770851fa-7610-4b87-ac54-24eeed9d1d05
Alex Baker,28,Denver,12470,644-814-2599,MA,f73608c7-090d-4bd8-8bef-9219556a9f5a
Alex Adams,48,Seattle,38198,973-970-5788,CO,0d1cba27-b548-47a3-8feb-d0b2cdced274
Emily Evans,42,Boston,80414,802-226-7254,WA,6ab27b76-a98a-46a3-a9da-c5faaed81e7f
John Evans,31,Austin,60562,798-272-6100,TX,50eff87e-0230-43a9-9d7c-a8c169076371
Alex Evans,34,Boston,96934,284-217-6640,GA,a634883c-9b33-4abc-a707-4b79fb9351f2
Emily Clark,30,Boston,69713,675-365-9578,MA,5df10aca-2d55-4596-840f-18113cb76c55
John Clark,57,Boston,29954,277-357-5666,CO,849e0e6a-e3a0-40fd-8616-ca515381ae54
Alex Baker,48,Boston,54618,587-447-2303,GA,5b591e36-5a50-406b-8151-f658a4a8dbe8
Alex Baker,56,Boston,70157,599-590-4120,WA,2722418f-22d1-43ec-a7ed-831618973c38
John Baker,48,Atlanta,52053,523-452-7565,TX,eafeefc0-d789-46b6-90d7-c67c619468d5
Emily Evans,66,Seattle,25668,320-615-8941,WA,a47a14a0-dd93-4946-9196-ddc35bbd7b0e
Alex Baker,25,Boston,10190,494-378-7211,MA,0f6790eb-cb62-489e-920c-8065d77e7e01
Alex Evans,20,Austin,34577,805-305-4897,CO,8211a073-84a9-4ab6-8bc3-eb570020734e
Alex Adams,21,Denver,75271,533-968-5366,MA,fffad7b8-95cc-47ec-aee6-51c5eb722d1a
Emily Foster,32,Austin,77474,341-857-6744,GA,2a830d0c-e21f-4cb2-bc45-5538d6f80b0a
Alex Baker,62,Boston,83171,576-508-6642,GA,ae0c1694-ed5e-432d-847c-45c099cdab70
Alex Baker,65,Austin,98198,249-734-4644,GA,1ba4473a-9a7d-4863-8507-bd02080b3aeb
Jane Clark,29,Denver,54899,336-988-7440,GA,d0bd4726-60de-41f4-a39b-09fa0409d2ff
Chris Evans,39,Seattle,53997,940-602-6922,CO,681a1d5d-59b2-4e19-9144-2292c1ab1c82
Jane Clark,64,Atlanta,58806,374-693-2920,MA,bf29079c-30fc-4462-8949-8ecc80793289
John Clark,38,Denver,62387,984-448-3598,GA,1c3c32f1-283a-4e0d-ab0a-e6197f65097f
Alex Adams,53,Seattle,93874,692-958-2363,WA,5bfc0395-a30e-4147-af0e-26bb0d239628
Emily Clark,43,Boston,91280,785-483-9891,TX,71bb3c7f-17e8-4e48-8cb0-acfae7e36cdb
John Foster,63,Atlanta,80767,964-935-2980,WA,a89716e5-c6ca-4697-96b4-bc67f47d61a1
Chris Baker,32,Atlanta,73475,563-297-6420,TX,19b9a58f-f96b-4eac-9c12-1418fa07765a
Jane Evans,49,Seattle,53809,498-727-3429,MA,3f7cef56-5ae6-4e38-a8f9-76b8268dd7b3
Emily Evans,34,Austin,10779,933-935-5967,WA,4b2a05d4-b7a3-4c33-b5e1-53f9d15d2a5b
Emily Adams,40,Atlanta,51977,989-779-3295,GA,d6889ba2-a8dd-4fa0-9ccd-43dd30cc7133
Emily Adams,26,Boston,81300,544-584-5798,MA,8b96033d-46d5-4d65-9469-fee7e4977411
Alex Clark,53,Atlanta,12349,326-982-5499,CO,b42e9e2e-589c-4dd5-a05f-e11f755419cd
Alex Baker,36,Austin,82609,327-740-7960,WA,a57a4f95-e8a1-4668-a1ef-1760b67fbab6
Alex Clark,49,Boston,28834,210-493-4594,TX,894b9063-199e-4e86-8ef3-7cfd595b3842
Alex Evans,52,Seattle,81265,271-813-8541,TX,723d7b3b-9bdd-4459-8aae-d87d674b994b
Chris Evans,68,Atlanta,52260,556-780-8805,CO,57b123d1-7857-4385-89ee-dead8a95cf02
John Baker,30,Boston,16067,494-785-9969,WA,b4ab55a2-1375-4fd9-852b-8781ea991cb2
Jane Clark,61,Denver,80814,900-761-1993,WA,8ad2a976-077c-48b6-9a97-51dda2185760
John Evans,50,Atlanta,15781,758-665-8614,MA,aaf90bda-8c12-4483-8956-42ba17836b1e
Chris Foster,69,Atlanta,70280,232-764-5231,WA,54ceceeb-7490-406c-a833-211cc3bf0a71
Chris Adams,46,Boston,11668,890-554-9498,CO,c07ce984-979a-45b3-8a1d-f819ccc1ddaa
Emily Evans,19,Boston,48520,438-232-6554,GA,7a9e9f0b-e132-42db-86a4-3efd70f9d53b
Emily Baker,52,Boston,71238,711-568-9866,GA,fbfd6d30-a610-4328-865a-054815596a17
Jane Evans,51,Atlanta,44895,941-444-4121,MA,efaa7ac3-b31a-41a9-a849-619265d45995
Alex Foster,30,Seattle,28781,898-575-6675,GA,9c2a8d74-4cc3-4043-b276-08bd5f4c20dd
Emily Baker,24,Boston,25003,232-983-8395,MA,9f8dbf22-669a-43ae-b75d-81eb391dd239
Jane Clark,21,Seattle,39116,210-261-2674,GA,398f3e11-e03b-4067-8f88-bbcb7918b466
Emily Baker,30,Denver,63589,441-429-3470,TX,7e534227-eeb9-4bd5-a4d3-0c49988aa1b4
Jane Foster,19,Austin,88150,749-637-7757,MA,dc15f51c-6ac8-45df-baf4-0f3d20ff0bdd
Jane Foster,53,Austin,99482,650-701-3478,WA,e5946843-5615-4d97-90e4-decd6b79d328
Alex Evans,27,Seattle,16072,327-912-4515,GA,c2787b30-61ac-4221-bad4-3531e67a3577
Jane Foster,49,Seattle,74282,940-354-8546,CO,d915ceb1-a988-43b0-802c-cff17373d1c6
Chris Baker,25,Atlanta,19112,454-254-3811,TX,8111c1bc-4a95-4c44-9b61-f34d72fd78e8
Chris Baker,25,Austin,87466,981-810-6629,WA,1d77bf3e-d443-4988-aaa4-5d6ef55cccfc
John Evans,43,Austin,11813,789-600-6268,MA,4bdbe3d3-1cc6-4bc1-aa62-169a62bed623
Emily Foster,55,Denver,36290,776-965-9136,WA,b4c64d94-d6bb-4154-b295-a5f450212963
Emily Baker,29,Seattle,17354,635-358-3679,TX,c13e68e0-e2f4-42ab-a402-9c001b11b7d9
Emily Clark,20,Seattle,44083,232-786-1381,MA,ad38dd36-16d9-4f82-80c7-4b5a4ba4f529
Jane Clark,46,Seattle,16728,540-412-2097,MA,c0a45883-c473-4e2a-ab17-1e33c3e56a25
John Baker,29,Austin,97466,426-546-7547,CO,3f6886cf-b45a-4152-8ec8-4eb3217611fd
Jane Adams,34,Austin,28928,967-724-8795,CO,07e6a0e4-92a8-46b3-a588-30720f225372
Alex Clark,42,Boston,63779,427-929-4371,GA,91309f18-3fd0-4cdc-a9fe-950a86f8d836
Emily Adams,69,Austin,65213,551-448-4455,TX,b5414cc8-98f7-437b-8431-7d0a1ef4f64c
John Adams,47,Atlanta,68508,504-991-7199,WA,f3aa60ba-3767-4c39-b14d-a9f9cb8d023b
Alex Adams,30,Seattle,91697,789-840-4649,WA,a7be1515-e72e-4c88-92f3-c17e21babb7c
Emily Baker,42,Seattle,63219,626-989-8559,MA,efe123fe-715d-43ee-b1d6-647f5b51980c
John Baker,21,Denver,27351,963-868-8291,GA,0e5473ad-8be2-49f5-b7fb-48e8cb75042a
Jane Baker,42,Austin,13512,789-421-1769,MA,f86899f6-0209-4a58-a816-f1dd38368d5e
John Foster,49,Denver,15739,459-552-8655,MA,6448f4a7-166c-4cfd-923e-8f47285f399e
Jane Clark,67,Boston,22310,933-606-1323,MA,2e1e9cca-29c7-460e-85c5-444ad11f9195
Jane Evans,55,Austin,19641,449-643-5624,TX,16944173-d237-48aa-9790-020d0585fb0e
John Clark,61,Austin,62383,536-873-8648,CO,622c62d0-52e4-4480-a81f-6b59a9cc3c82
John Evans,20,Boston,11647,659-357-7472,GA,e2e6e26b-5d98-422e-a5ba-51c7f9c56412
Alex Adams,46,Atlanta,49763,809-936-3949,GA,df12fd94-022f-49d4-aff0-628126f060dc
Emily Adams,25,Austin,70754,662-788-7633,CO,01085077-7151-4f03-a153-6afda98933a8
Alex Clark,69,Atlanta,56490,732-754-8270,GA,333038e0-50d9-412e-9654-8fac094eebd0
Chris Baker,66,Boston,89712,898-209-2948,GA,8b6dc776-53f7-4a03-89db-638e3d974f0f
Alex Clark,19,Boston,59200,713-299-6748,MA,14c2711a-9278-4911-8986-99fb4c21f548
Alex Evans,31,Austin,26026,711-885-7958,WA,10e2b6a1-e0af-4ae6-ab0c-b751a4923b86
Alex Baker,50,Atlanta,89428,260-764-2626,WA,65e18a61-9725-49e5-8600-330da46f3db4
Emily Clark,27,Austin,85830,981-545-1072,CO,072bd306-42a9-4e65-971b-27c3e8f77488
John Baker,31,Seattle,26659,936-843-4237,MA,607e892f-9925-4823-864e-a438be723a60
Emily Foster,28,Seattle,78740,439-541-8182,TX,4c5fe336-3703-4681-b003-cd4805be1ab1
Chris Foster,57,Boston,97054,553-219-2037,WA,f01e81b3-b919-4744-9202-57d2770dbe32
Emily Clark,33,Denver,19151,517-884-2889,WA,a9ba9411-0f7e-46b8-849d-9d2550d5cc14
Alex Evans,57,Atlanta,27270,436-750-9180,MA,77eea7a7-00fb-405e-8734-7719c2ce3450
John Foster,35,Seattle,51376,588-292-2827,MA,e7ecfd59-076b-4b39-a8ab-a43f93a1f327
Alex Baker,61,Seattle,34096,386-422-7025,GA,1d966466-8c7c-40d5-92e3-b252649a1c58
John Evans,53,Atlanta,37343,681-453-5345,TX,2ff4f501-2e70-4b45-89ab-b20a4cfcaa40
Chris Evans,35,Austin,53739,219-719-5638,WA,4e5b3ccb-efd8-4e36-a6c6-b771b1aee5e4
Alex Baker,56,Atlanta,54810,380-313-7041,MA,71001149-c25f-48b5-b0b8-77832a12700e
Chris Evans,22,Denver,78459,784-533-9461,CO,e61ec852-160f-48e6-a627-cf11a8c46f69
Chris Foster,56,Denver,93137,656-298-5169,GA,1a2d87e1-ebbf-4194-a100-c923a40d7939
Chris Evans,58,Atlanta,79639,392-247-5721,MA,b7b6f784-685f-401d-8ca4-b309d21feae6
Jane Adams,57,Austin,83735,362-633-8451,CO,1fdd4c95-1e2b-4428-bce9-4f6544b4e527
Jane Foster,58,Denver,17989,373-583-8742,MA,e3c65d51-5a65-4447-a4e4-8719624d2214
Alex Foster,23,Denver,64622,884-862-3567,CO,06dfafae-cf10-49e8-ba8e-903f2fb7e1fb
Jane Baker,62,Boston,41870,444-861-9396,MA,92424caf-1733-4c6d-9a4d-8e15d8148b7b
Jane Evans,59,Denver,65525,657-999-1225,CO,818f84c2-aa47-4e64-b235-423022191f22
Alex Adams,53,Austin,85381,465-948-5712,WA,6852d2fe-d9c9-4b89-a60c-3aa86ba1fda5
John Clark,30,Atlanta,20491,440-833-6343,CO,ef33b925-d789-4d09-bdb5-49a6f1c9cd89
Emily Foster,29,Boston,97051,832-653-9629,GA,072befd2-46a3-47ac-b667-d5481d8a7144
Jane Baker,54,Denver,31034,343-516-9245,MA,d4b61802-b83e-420a-89a0-a828d8e4956b
Chris Baker,43,Atlanta,89872,438-662-4842,CO,860784a1-1b11-4fae-bfbb-b4da8fc24816
Emily Evans,18,Seattle,52775,708-594-2910,WA,178a112e-9707-4e74-a3ba-2fb59234a083
Alex Foster,49,Denver,15778,322-760-4739,WA,234e85da-2433-4cd6-94eb-eddf866a9663
Chris Adams,36,Seattle,37515,729-862-4027,MA,16278b42-b658-4299-a401-774f27c36a92
Alex Clark,37,Seattle,83893,659-308-4266,CO,714591d4-aac4-48fa-808d-757aa3bf3b9a
Jane Baker,49,Austin,40858,229-260-8480,TX,3bf9162a-9d1e-4d0a-a253-8f11c06e0d5b
Jane Clark,59,Boston,62345,418-621-7629,CO,ed9fac46-f830-4a1d-8c20-17bdef406714
John Clark,20,Atlanta,68257,355-351-2826,TX,e84398f1-0345-4307-8550-c24e28b378ab
Emily Foster,38,Denver,60212,203-483-4632,TX,d8c3c29a-fa14-4118-94fc-b8cf4a94aecf
Alex Evans,38,Austin,86991,255-583-3511,CO,57a18f3d-3cdf-43bf-ad61-7200e975e0be
Jane Clark,23,Boston,14579,922-863-5334,MA,4585d18c-8b2c-4b15-ba99-ce1356740027
John Baker,63,Denver,91515,957-659-9655,TX,76e649d3-2d6f-4e78-87c9-3f3ab08d2a57
Emily Clark,25,Boston,24428,771-753-2706,WA,48be26a6-9951-4fa0-82ad-d0dd47a25172
Emily Evans,21,Atlanta,62722,411-651-7705,CO,e53bd4d1-371e-487b-9d5e-a99447892ee1
Jane Foster,70,Denver,77838,449-334-5230,GA,74555ff8-3deb-4dc1-a17d-e2b65edff20e
John Clark,39,Atlanta,33536,550-444-9733,TX,5e525cbe-531f-41ac-8dbd-ca084436e4cb
Chris Clark,55,Seattle,98599,839-238-1709,MA,b3866a5e-0c84-4d0e-a16b-24141d7cf49c
Chris Evans,21,Denver,94774,609-668-2066,CO,9dfb7185-3900-45ea-8ac9-22c3ea3d4f46
Alex Adams,26,Seattle,91097,279-394-2109,CO,bd17ac68-a31b-4087-a537-3c57535b8fc7
Alex Clark,65,Denver,63562,856-266-2133,MA,e564e2de-21a8-4d8b-8407-2216830c8814
Chris Evans,38,Denver,53989,644-526-3511,CO,afa85943-b35f-4c05-977c-37b8a4b5afbf
Emily Foster,49,Atlanta,95979,547-925-5107,GA,ae809345-1716-4192-a93d-2524bb0b9bf8
Chris Baker,51,Denver,94514,274-542-9685,GA,ee33320d-5244-4a4a-85f2-90e3863dc4c4
Chris Evans,40,Seattle,58786,773-705-1725,CO,9f1b456e-f3cc-47bc-9fcb-6a85404cd9cd
John Evans,50,Austin,89309,301-485-8841,CO,035f622e-4cee-4fdd-9414-807842eccb82
Alex Baker,70,Boston,90020,745-533-9580,GA,18aaffad-c746-4052-9dfe-dc8ebffae08c
Emily Foster,38,Atlanta,31513,900-809-8051,WA,889556b9-3235-4b97-8697-8d40932dbfc7
Alex Baker,52,Denver,29672,238-569-4557,GA,85e83c71-1d7a-4ea9-88b5-f560dc0270cb
John Foster,18,Atlanta,18506,623-355-3387,CO,b99709b3-addb-457d-bbda-c7d04388cb20
Jane Baker,43,Austin,50415,784-563-7116,MA,e1139de4-f0ed-4764-a451-42c1615855b1
Alex Evans,35,Boston,29965,812-260-9578,CO,f0076a6e-1ac5-4754-a2c4-a472b4ebbb96
Emily Clark,49,Atlanta,17090,530-978-7374,GA,51287700-a5b8-4cf9-aebd-428eaafc49a7
Alex Clark,27,Denver,30127,709-380-4659,TX,d9f0a05f-bd4d-44b7-8dba-32c3ea8b0e9e
Emily Foster,42,Seattle,21334,791-811-3447,CO,7708f159-992b-44e1-842e-c99ec293d333
John Evans,32,Austin,23118,951-271-4098,WA,afa62bf0-31b8-4b62-8c38-976121a6932a
Emily Foster,43,Seattle,76048,418-231-3454,CO,102ce94c-b645-4dd2-a021-4394fd35d5df
Alex Foster,57,Austin,69078,984-933-5256,CO,5ac4f7fd-9a22-42c8-9e53-44a2c1ea3140
Jane Baker,52,Atlanta,19098,317-309-1767,MA,a80ebfd3-d4b7-4aeb-aafb-48405de633b2
Jane Clark,45,Boston,39284,762-802-5625,MA,0adb0e0f-581e-4b3d-b4b3-ecfd82c2cc54
Chris Foster,55,Denver,92260,254-644-1426,WA,b24434c5-4736-44ab-8d88-e0e8f7dc3248
Jane Foster,67,Boston,39627,523-637-7251,GA,81dc71c1-3bb6-48cd-a4c1-b2837bd6d8dd
Alex Baker,24,Seattle,25049,753-408-3384,TX,476a1b0d-bc89-4a75-a087-bcb1d6902e1b
Jane Foster,55,Denver,36242,213-802-8003,CO,d42e0fe6-9577-46dd-b601-bd36ffd8af55
Jane Clark,64,Austin,85695,757-512-4278,GA,8e983dd1-e01b-4b69-a064-2d38cb649805
Jane Evans,30,Seattle,60929,343-985-8592,GA,97ee046c-e92f-4b8f-bd2e-08df713c5765
Alex Clark,49,Boston,49853,719-425-3411,MA,f21d31e8-69b7-48be-8beb-6eb71f08d7d3
Alex Clark,65,Seattle,78031,366-967-4418,GA,6e3d22e6-b49d-4ef0-ada7-5f9929f2344c
Jane Clark,66,Denver,52900,213-674-7511,WA,e9e922bc-f3e3-44df-b24f-71bbcbed6219
John Adams,31,Boston,66222,855-648-9510,TX,cddc226e-1d8c-454c-a9ea-8952f0ede052
John Foster,33,Boston,44092,909-617-6641,WA,d95fb3c8-5b77-417a-85d3-d5251dfc3837
Emily Baker,63,Atlanta,91210,700-469-8045,MA,995dbcf9-48c4-4afe-89f2-d5ca539f680e
Jane Evans,36,Denver,89530,847-974-7373,CO,609d0aeb-f668-41c2-b954-5b4ea82dd3e5
John Foster,68,Boston,33378,914-893-4138,WA,5c8b8dd3-367e-4660-9117-0d94c0decc91
Chris Clark,25,Atlanta,14264,220-248-2641,WA,179f60db-559b-476a-814f-94dd86ff76c9
John Baker,25,Boston,40297,821-629-8428,TX,57eedd24-8c4f-406d-8707-69b036ca8a72
Alex Foster,54,Denver,12177,445-708-3688,TX,f2070f47-64ae-40bc-a750-048a8cb97ee1
Jane Evans,44,Boston,64732,866-870-4127,MA,317a56f7-7e3b-44f4-8704-7c49b1ade7d2
Jane Foster,29,Denver,96699,240-838-6308,GA,e5da817b-7fa7-41f5-8606-471639f287b6
Alex Baker,56,Seattle,84488,227-961-3460,MA,8192ae9b-ff4b-4d12-a475-8710078206f2
Alex Baker,18,Atlanta,34946,724-879-9289,TX,90d40999-a642-483c-aceb-5076f236ec1e
Chris Adams,55,Denver,80745,421-955-7175,WA,9ed9ff26-3089-408a-a67a-2f22976512d8
Emily Evans,43,Boston,93024,705-552-3165,GA,e7a90b28-3861-41fa-8fb7-b90b4860c36c
Chris Adams,42,Denver,43775,237-539-5831,GA,b4bee462-8d9a-4162-81ad-1f180a866922
Chris Foster,61,Atlanta,53072,357-434-2748,CO,738ac544-1c1d-4882-aba3-957d9197bf24
Chris Baker,39,Austin,82188,415-904-8058,MA,216e2c0c-4c54-4def-9822-87f4490abdea
Chris Foster,25,Seattle,56414,402-953-9598,WA,d8c31937-4e77-481a-a834-2d4ef732a5c7
Alex Adams,32,Atlanta,95123,977-841-7002,WA,7bdc2bd0-8791-416f-84cf-ab662afe321a
Alex Foster,68,Boston,65016,900-333-2568,TX,0321b61c-840c-4860-947c-4954257c8c9e
Alex Adams,24,Seattle,91390,542-286-4568,MA,0b7b91ff-ce72-4697-86d3-9887c9615faa
Jane Baker,55,Atlanta,45005,296-483-7136,TX,2df74459-76c4-4ffb-a841-f2393e7f9d50
John Evans,43,Atlanta,63352,360-360-2382,MA,c1729218-ec53-4f2e-af97-6726a7e0fc96
Emily Clark,35,Denver,80567,213-438-5963,GA,a7a2d57f-79b3-4787-bd69-841f346c6fcf
Jane Adams,37,Seattle,17416,643-350-4292,MA,005fa0d9-bbc0-4004-baf5-58746b70d467
Emily Adams,24,Seattle,80269,228-859-3810,WA,6f2d2130-4494-4df2-a934-6320319c2041
Jane Clark,48,Denver,38557,634-980-1113,CO,6ae57673-00db-4076-bd0c-177eefdc8424
Emily Baker,54,Boston,49318,819-258-7683,CO,94a7a0e4-9a94-40c5-9637-61c6d968038a
Jane Evans,61,Seattle,82406,613-596-5556,MA,49067019-f2d5-4ddb-9e0e-56c89afec849
John Clark,57,Austin,64375,420-383-1577,CO,80f3a32b-673b-4f79-97da-30a28e5e0909
Jane Baker,42,Seattle,63417,922-584-3442,GA,ec04364f-b95b-4752-ac36-e0c8f01c48bd
Jane Adams,56,Denver,22397,364-855-1529,TX,c3fd528d-b1e0-4bd4-96b5-ed3f4562322e
Chris Adams,67,Boston,61607,788-583-3295,CO,832e3c4d-c236-46f2-87f8-c8156a8c3205
Jane Clark,36,Boston,33390,700-220-2321,CO,74b01521-259e-452d-8f92-9ede877dac4c
John Baker,63,Seattle,13978,363-412-5505,CO,3b1f54ba-3b0e-45b5-8826-672823385a54
John Foster,31,Seattle,20308,619-207-7738,GA,3cad2f5d-da65-4d1c-b74a-86c4f334d322
Emily Foster,57,Austin,97296,866-337-1951,MA,c258c95c-2b6c-404f-85cb-1bd52302662b
Emily Baker,60,Seattle,36243,998-988-9165,WA,6019aafd-c75e-4587-95e2-d7395974c1af
John Baker,51,Atlanta,15175,549-719-8855,WA,2555930d-4465-40fd-9beb-fbe296eb04b8
John Foster,65,Seattle,23829,886-734-8125,TX,fa04e3d2-19cd-49d5-87c1-fe969f9ace38
Emily Adams,70,Seattle,18459,671-247-4763,MA,2145c803-3de8-4dee-b470-828a3f579dd2
Chris Evans,39,Boston,49098,380-651-6723,TX,fb9cbb69-2944-4c9d-9ce0-7525e6dbaa85
Jane Evans,54,Austin,58366,814-499-5677,CO,6a2e63fc-e370-4408-ac95-667db3571f37
Jane Foster,59,Atlanta,69148,854-795-5989,CO,71ef0293-10eb-4854-ab0c-7a7b27a4ad45
Jane Evans,51,Denver,50370,461-299-5790,CO,ba45f335-ad48-42b4-aa42-dc68e493ba47
Jane Baker,19,Atlanta,16285,830-240-5209,TX,4e71de4b-0c9c-4a22-a3cd-a532a1a1ceb5
Emily Foster,68,Atlanta,99754,711-392-3203,GA,8c47a970-b163-4147-bbba-10823537dbca
Chris Foster,65,Austin,89535,668-645-6994,TX,bb5f9b5d-4d25-40b7-ae94-8dab067f021b
Alex Clark,42,Denver,83478,287-771-5988,WA,90520a81-5e65-482c-9d7e-fe215d9da318
Jane Baker,63,Atlanta,98604,670-675-6884,WA,b19bc8d7-5611-4905-979b-a550dfc7167c
Jane Clark,59,Denver,39075,631-555-5827,MA,0dfe1c16-2566-4375-a6e2-0d9fa5b5b64d
Emily Baker,31,Denver,70328,410-320-1291,MA,938b2d88-820e-4f65-a20f-e764a9ffe4c3
Alex Adams,65,Austin,27150,257-772-1977,TX,067bf32d-a344-4427-b22f-ef458557693c
Alex Baker,49,Atlanta,88208,376-247-9109,MA,c0056132-3fce-42eb-a1fc-764d0dbb469b
Alex Baker,58,Atlanta,79790,667-594-7158,CO,f39e58fd-7aee-415c-9329-e18c461b936b
Jane Clark,47,Austin,68197,905-692-5770,CO,d26ef623-b47f-4226-a84a-b9378caa5072
Jane Evans,23,Austin,92378,318-893-1701,CO,153d4647-d369-4da0-ac5d-75d1732e2123
Chris Evans,26,Austin,54310,747-633-6946,CO,8e84c8e0-e771-4b2b-8e1a-b21b71383a8d
Emily Adams,59,Austin,36733,653-494-5153,WA,808344ab-4a32-4fe6-86a3-17618ff22b25
Chris Adams,41,Seattle,35951,249-990-1446,TX,f65f3ee1-ee6b-4e86-aff4-628dbbca6642
Chris Baker,41,Atlanta,90299,587-334-9822,CO,3d20275d-a969-4b54-86c8-1659e112b2f8
Alex Baker,63,Austin,32660,739-928-6466,WA,4ab5546e-aed2-4a4d-8a3f-ded69f0e07f4
Alex Adams,36,Austin,18088,780-252-5751,TX,b741a640-3094-4571-8929-f0697f6df718
John Clark,36,Austin,37124,584-587-6396,CO,17c53581-4487-4bf2-a2ed-9453e8c11d8a
Emily Foster,33,Denver,20458,768-965-1583,CO,2611e81e-3010-4070-b5cb-b1eb9e91f895
Emily Foster,26,Austin,74583,952-803-1976,TX,f3e969b8-fa9f-4d39-92aa-74962b0cce99
John Evans,20,Boston,28711,386-836-8089,GA,191c9d67-f51a-4dc1-8c86-cf9db0e50dd9
Jane Adams,68,Atlanta,67217,309-466-4780,GA,f65b4345-c4f1-48b7-bb6e-d3ee7b39f39a
Jane Adams,39,Austin,63489,744-265-8723,TX,1d57e09e-0758-4b72-ab92-99e13b2ca4da
John Evans,35,Boston,29821,298-660-2825,TX,5cef11c4-6794-405e-ba53-97a0cc699138
Alex Baker,70,Boston,37220,642-447-9379,CO,bdc8d463-1326-4f34-a01b-a121a88ebeb5
Emily Foster,45,Denver,48107,696-477-2414,MA,c49907b5-8e7a-42a1-9cfb-a80c7475cf57
Emily Foster,67,Austin,76606,686-902-2649,CO,9ef4e9cb-b967-40b2-8148-9f885763fddb
Alex Evans,54,Boston,50618,842-737-6613,WA,45ed6551-1ea9-4c04-a8d1-d4b68b12249c
Jane Evans,63,Denver,87632,970-200-8737,CO,a5fef424-b9c6-4c6d-9884-5b5ddc5c4acd
Emily Evans,62,Atlanta,67211,870-753-7669,MA,9c386afc-7b52-4bcb-b24c-451e4c1a442a
Chris Evans,67,Boston,18941,676-913-5854,TX,b27b3b80-fe01-4b4a-b8d3-6d9f18c994c3
Jane Baker,19,Austin,25511,582-824-6573,CO,049cd928-6b35-4cc7-ae11-a0394b92b808
John Evans,45,Denver,19535,990-852-7429,GA,72e073b2-2c69-4068-8c6e-51f515ec5ee5
John Clark,40,Boston,78460,237-822-4481,GA,fd2dade7-3004-4259-8874-3f3f2736f937
Chris Evans,69,Seattle,45486,446-280-8451,GA,8d6a563a-39d6-4b5c-89f9-dfab9f7f78cb
Emily Clark,18,Atlanta,26548,550-712-8817,WA,2ccdb2c7-49f4-4f16-bcd8-f740ad4de640
Chris Baker,45,Austin,82649,280-837-6963,GA,7399848e-aafa-43da-92b7-89e19151028b
Jane Baker,53,Seattle,83117,973-818-1909,WA,c172cc10-2882-48ab-9a27-bff4d87dee64
Chris Adams,66,Atlanta,46454,752-537-9216,CO,b65166ee-81e6-434d-b3e1-b635f087e039
Jane Clark,52,Denver,45871,391-291-5430,WA,86a9fba2-6518-4670-86d0-8bc8431c1253
Chris Evans,23,Austin,48223,797-613-1404,GA,c16ba258-56c7-4259-809f-c1ae88846a9c
Chris Evans,38,Boston,94949,646-462-3632,GA,79d335d9-077c-46db-9941-ea52d77754e5
Emily Foster,34,Austin,36401,465-932-7032,GA,0cf21864-fb34-41bd-8ec5-dc7c98cf6d30
Alex Clark,41,Austin,36002,491-613-5425,MA,5de67bcd-9692-49dd-91e5-1c18f6c71774
Jane Evans,46,Austin,65406,964-517-5529,GA,cc22e653-fe1f-4fb2-bbe4-40e19d2c2dde
Jane Adams,64,Seattle,44274,845-517-5732,TX,2a7879c8-2c6c-479a-84a1-3516ed3a6ffa
Jane Foster,49,Boston,27252,949-542-6460,MA,4eb31d84-c2d4-4c55-9ead-d364c7a5bf3a
Emily Foster,68,Atlanta,50320,265-443-5928,CO,3aa0e478-7eb3-4690-902d-ff4c0e0e8aba
John Adams,50,Austin,31990,782-625-2294,TX,de88708f-5cc7-4b29-8c59-514cf48410a4
Emily Adams,59,Austin,74288,725-521-8019,GA,661d04d8-76c9-4d7a-9ea3-f4716b879822
Chris Clark,45,Boston,27752,360-244-8364,WA,4b08fa1e-8ae0-4ada-b9f0-1c06f2abaacc
Alex Adams,60,Boston,52975,228-923-9088,TX,42077253-f0f5-43a2-9063-18589f4468c5
Alex Evans,35,Austin,60673,498-795-8902,WA,d07f5d60-f7f9-43ff-af66-2bdc25793892
Chris Evans,43,Denver,82981,928-432-6904,CO,defb8e43-7dd5-47e3-9fa6-1d6841f38fba
John Foster,63,Seattle,47913,213-412-5236,GA,a8eceae0-448a-4d48-8ae3-03d095e565c9
Alex Adams,63,Boston,97769,570-328-6203,CO,48b3beef-4f39-49e3-ace5-70f3ed624bd7
Jane Baker,26,Boston,42017,654-493-4215,TX,25eea2e9-b085-4c9a-adf2-86f3afdad293
John Foster,44,Denver,85665,948-552-8914,CO,ce97f6be-b58f-47e4-bd8c-43316acd3a1f
Alex Adams,33,Denver,91137,274-682-3907,GA,92b28cea-9f02-4e72-a5e1-d5697af288ee
John Clark,33,Boston,50312,449-326-1240,MA,6cb78a59-0361-4edd-b5c3-d36c15c982e7
Alex Foster,67,Seattle,35531,836-432-1692,CO,5e6b6dc5-0df0-45de-b377-18594ab4a09a
Emily Foster,31,Boston,17811,515-240-2893,TX,385057c8-9253-46a2-b098-b700aa629a82
John Clark,44,Austin,17766,384-406-7644,TX,5607bbb0-63af-407b-b483-9ed49a7492e7
Alex Evans,43,Seattle,47077,606-566-7245,MA,a6f3d039-6723-4caf-89f3-b7d82436d5b9
Alex Evans,36,Atlanta,96836,328-913-7508,WA,dd8ad207-8edb-4f2c-aa7e-fdcbcbd5f213
John Adams,36,Austin,56133,303-320-1184,MA,57c77cf7-5d59-45c6-b2eb-65c94c275fdc
Chris Foster,31,Atlanta,79960,890-783-3990,CO,1add1b9b-f762-45d5-a9f1-8be8551bf093
Emily Adams,23,Boston,34593,381-874-1468,TX,bd5be65c-6a6a-4cb0-890e-9e5ab5aa1132
Alex Baker,38,Austin,77744,460-710-5421,MA,334ddde7-08d4-460e-a4d9-d53cab516c05
Alex Evans,43,Atlanta,73682,622-886-7195,TX,242fcf40-7e77-4b7d-a481-c08422eb523b
John Adams,56,Austin,11220,581-509-4353,CO,72fb4d00-9dc2-4e4d-930e-65a117a06fd4
Emily Clark,50,Atlanta,35942,253-608-9876,GA,f17f6087-f4a1-4035-9f01-697f0eb12228
John Clark,42,Austin,94254,349-796-8214,TX,d87ba2fc-25ce-4067-8d75-8f5f89e741f1
Jane Baker,52,Atlanta,45518,765-642-3517,TX,63a61cad-b951-493a-9482-d2d12da682e6
Emily Adams,39,Atlanta,86169,846-942-1723,MA,b6f3a574-773b-4e16-a0d4-2fb6090fb1b1
Chris Clark,25,Seattle,24254,331-724-7029,TX,f658a853-349d-4194-805b-73c739157be0
Jane Baker,32,Boston,36970,530-815-4615,MA,815a2838-8c11-469f-b316-f95c3403e732
Emily Clark,57,Denver,29588,716-898-8103,GA,9045b570-10fc-45dc-8e6c-2ffe3a7e4c6d
Alex Clark,64,Atlanta,45371,860-587-7147,GA,4ca17fba-5a20-44f7-9529-d29c3cc48f46
John Foster,36,Atlanta,19621,820-729-3995,WA,d49f477a-6d02-400a-85a2-8fb8239c775a
Jane Evans,44,Boston,30384,262-433-3169,CO,a80a8db3-8a92-472c-9a2a-172e7ba17f4b
Alex Evans,26,Austin,77042,858-878-6174,CO,84502414-9813-4103-8803-9beeedc4c005
Emily Foster,23,Atlanta,72984,210-475-5050,CO,43287ec0-ca43-449a-9cfd-f3cdfca21dbe
Jane Foster,49,Denver,76979,825-800-7272,TX,050d73a5-dd2e-466a-8239-edeab48c1b58
Jane Clark,70,Austin,96800,257-379-3478,TX,1e92fb2f-b96f-4524-82ca-17929f3c3b8e
Alex Foster,66,Denver,45516,719-399-2981,CO,6d11224a-57ca-414a-9329-2f8a7f7f9d9e
Emily Evans,50,Denver,13344,909-285-8409,TX,51eafaac-2138-4d31-94ae-2e022938dd26
Jane Baker,31,Seattle,10908,549-648-1919,MA,abd498d5-40b2-4143-a228-15d9e2a33deb
Emily Baker,23,Seattle,87678,221-853-8885,WA,c83f3446-d3f2-4283-ab0a-639d0b65a74a
John Clark,64,Atlanta,81959,674-769-8919,TX,e05b1708-f603-4a70-9488-102b577dd25e
John Evans,18,Austin,64107,287-511-9522,TX,bec78241-9aff-4f93-ad2b-70522293f37c
Jane Baker,43,Boston,93512,583-862-7909,MA,0a3bfccd-196d-44bf-8276-5228784fcaba
Chris Clark,24,Seattle,44566,449-299-1456,CO,0312f091-5e76-4dd4-91d6-09dbd06afb85
Chris Adams,25,Austin,22075,284-520-4512,CO,4f5c0a5a-de85-4924-81a1-711a211d880d
Jane Adams,66,Atlanta,78006,975-654-6150,GA,a8e28e58-0873-4a96-b35e-ed5f27c1671f
Alex Clark,26,Denver,67962,909-765-9309,GA,5ee0cbde-e404-43c1-b1f4-bc0b20b47d1c
Alex Evans,20,Seattle,83459,389-321-2192,GA,cbabbc06-0333-4f3b-a236-44e8340c35ec
Chris Baker,39,Austin,73066,676-866-5325,MA,2ca4787a-e759-41dc-af9b-78c307eedc68
Emily Adams,61,Denver,97869,617-347-8089,MA,ccb9fb4d-f62c-49e3-9de0-8b40f4f70ace
John Clark,66,Denver,34378,862-226-2159,GA,4df40e4b-6564-4cc1-812c-025c9bd93217
Chris Adams,31,Austin,55244,431-816-4469,MA,e02347e3-7ca0-466a-8aba-c6f0ed0f4b16
Jane Evans,31,Boston,42914,964-794-6969,MA,fe42e004-a078-4bf2-8983-0a27b9d202ec
Chris Baker,23,Seattle,41780,653-802-6882,MA,a12b4c17-ad13-4d7a-8cd4-d11d0ca47ec3
Emily Adams,46,Denver,42060,862-834-7170,WA,d34e5d08-4947-4127-8308-ff724e96ce7b
Jane Baker,38,Atlanta,35524,888-803-6825,MA,6f218c60-0319-42d7-b82a-5ab3afe85abd
Jane Evans,69,Atlanta,13156,938-875-7863,MA,87781c52-d54b-425a-89f3-cb77c00f52ce
Chris Adams,68,Denver,14332,375-594-7262,GA,d7ff198b-121e-40ec-938c-2b4cab55ae9d
Alex Baker,42,Atlanta,46624,345-554-6577,TX,46611f2f-d100-4a45-a26a-de9208da4c9a
Chris Clark,64,Austin,90371,724-241-3649,GA,c7787147-3fbf-401c-9667-c37680c79532
Chris Adams,18,Denver,66184,359-546-4319,GA,48afaf3b-d8e0-4a93-84fb-2a3da597035d
Jane Clark,18,Boston,46127,895-334-5044,TX,a78ac943-d308-4cd4-95e8-846195550380
Jane Evans,23,Atlanta,27490,633-834-1688,WA,6ce50d7a-9353-4cff-a281-9346d8d28c77
Chris Adams,24,Atlanta,49389,753-892-2654,WA,eddc8b02-d09b-424e-9569-e9f446f26ee8
John Clark,34,Austin,86405,759-299-7790,WA,a910f0a2-5aee-4542-9610-0d8cadbfb9d7
Alex Baker,43,Austin,63354,998-917-5472,TX,05e76acc-caf3-4237-baf9-38ea682a272a
Alex Evans,19,Boston,16785,322-326-2978,WA,adbf4da4-e50b-4ad9-8b51-88d522571888
Jane Baker,20,Austin,63004,933-839-9776,CO,e1db5646-5cac-4fc3-aa64-d1b6f77e70b7
Jane Baker,63,Atlanta,92637,810-366-9909,CO,3da9a4d9-a66e-4d35-9a54-7120d5210f8e
Jane Foster,67,Seattle,54573,218-792-9542,TX,6eeee8b9-ee2f-4e47-8739-0ea7ef624eac
Jane Evans,56,Austin,24249,928-522-3668,GA,69285621-c35d-4418-ada6-484e6efdc524
Emily Foster,36,Denver,39634,587-823-4643,CO,f7b33e12-3a07-49db-9da6-5634cab691a1
Jane Adams,24,Seattle,49000,697-846-4079,TX,bc0e0eba-6215-46d4-abc8-8d89b98a86a7
Chris Clark,40,Atlanta,50719,450-697-5558,GA,9fec7e54-d1e2-4d82-967e-450f541969e5
Jane Evans,19,Austin,31232,755-412-8559,GA,78195019-c00d-43d9-baa6-3d1f97e98162
John Clark,20,Denver,43006,949-473-4550,WA,471a7012-2cf7-484c-80d9-591b1bc39c07
Jane Baker,43,Denver,96900,291-643-9608,CO,c53029c2-e00b-4e8c-a12b-cf6efc0bcd09
Alex Baker,59,Atlanta,90124,565-998-4187,CO,ccb8416e-ed5f-43ec-9880-4425fa742d2c
John Foster,65,Austin,33301,530-730-5167,MA,31113448-1fd0-466c-aae1-d71f07e1e1e0
Chris Baker,18,Denver,74525,732-232-8300,CO,f764fb87-ca5c-435c-8258-75355027b6f2
John Clark,27,Atlanta,16815,888-707-3455,TX,57a0ae01-1203-4309-a2bb-3423ac4c0793
Chris Baker,49,Boston,24546,307-302-7680,CO,48f6bb85-97a0-4a86-935e-733bd265338d
Alex Clark,45,Atlanta,57990,815-839-3468,CO,449a2dc5-ee66-40f3-9e78-7c02ff55460e
Alex Foster,31,Boston,38528,742-335-2183,MA,0f99ebf7-086d-4390-a0b6-bfa31a9f4354
John Adams,57,Boston,83621,823-861-8453,WA,8999d13e-9f2c-4cbc-a936-96b63dfc5337
Alex Foster,54,Denver,85806,942-497-9077,WA,a6f7c71b-73ea-422d-a03d-3dd5f5f19252
John Adams,38,Denver,69617,933-387-3688,TX,b8a33ca8-162f-454a-8741-07f2d3edd401
Emily Baker,40,Atlanta,86191,569-821-3627,MA,16867053-85c5-4f69-9d4c-9a1f86f169e7
Emily Evans,42,Atlanta,34269,784-341-3647,WA,e3243805-38a5-424d-afda-15bd74bab515
Emily Adams,45,Boston,12036,856-351-7196,MA,ea653d0b-8d32-4a57-ae7e-5ef433b82f07
Chris Baker,48,Denver,92943,901-959-7920,GA,49fa594a-8eb0-48cc-8875-40c57c6fb696
Chris Adams,67,Boston,69633,704-864-7848,CO,8e2bd7ab-78f0-4772-9274-efa80af7f81c
John Foster,52,Atlanta,58515,694-567-5724,WA,90be4ea6-9684-4a47-93aa-54051364c0bc
Emily Evans,25,Boston,58654,349-668-6762,TX,e452a450-bbb6-49ac-897d-55d444d42247
Alex Baker,59,Austin,64479,636-574-7150,CO,3a1d0761-1e76-4a81-a112-9bd0ba2b25c8
Jane Evans,24,Boston,58817,956-884-6826,MA,62443c4a-0ea5-43cb-a617-deb76e3d27b8
John Evans,55,Boston,67455,861-315-4719,WA,a4f970e2-b2fe-43b9-9c67-05e84eb00051
Alex Foster,55,Seattle,62525,273-996-4603,GA,ce983c2b-b456-4497-b6c6-aa7648624377
Alex Baker,24,Austin,88908,478-563-3312,TX,79355d03-25dd-41f9-b79d-f82c85ff72a5
Chris Adams,18,Denver,55239,365-209-2884,TX,315c478e-ef73-442f-abe5-580715a53e23
Chris Foster,38,Atlanta,73110,371-865-1216,MA,bd9ff495-c4f8-48fe-ba5e-2a4973f30367
Jane Clark,20,Austin,65426,868-533-9104,TX,4b0a0efd-89f1-4b9c-8b7d-6bc345022eae
Chris Baker,64,Atlanta,93268,546-543-6308,TX,3d92e422-8945-4fc3-a17a-d0bd9114cce2
Alex Baker,58,Seattle,75987,802-794-6491,GA,1c8c982a-0b56-416e-846e-d754a4023ca7
John Adams,63,Boston,56609,822-434-9440,MA,7bc58ec4-5d5a-4597-b710-9bdee92b1be8
John Adams,23,Atlanta,73454,869-272-6885,TX,3c009227-4c36-49b2-bc56-fbf53d247c82
Emily Evans,23,Boston,10466,214-645-8548,MA,842ab6f5-b8ee-47a8-acd4-2cce656eee78
Alex Adams,61,Denver,13305,793-377-7097,MA,52b74720-259f-4196-901d-3fb47fc65c92
Chris Foster,63,Denver,61502,481-782-3462,TX,24a2bb03-711b-46ad-82e3-a75fc347cfd3
Emily Adams,69,Boston,17361,980-393-3677,WA,2284c085-a6c0-4434-a0fa-a6f32a112983
Chris Clark,23,Denver,88492,204-592-8920,TX,6261b2f9-79d8-4fc6-889e-32bc1868912f
Alex Evans,18,Seattle,66123,653-597-3442,TX,dce696c6-45df-4cc8-b08a-4607d85008b9
Jane Adams,51,Atlanta,79813,635-327-4770,WA,ceff9c34-1879-46e3-b757-d8c1cd0d83e7
Alex Evans,21,Atlanta,95260,611-966-3346,TX,acab432d-fd28-4eba-99ad-197000476680
Jane Adams,70,Atlanta,96913,781-886-5907,GA,144b3fce-5095-44eb-8472-9463fbb07e91
Alex Foster,42,Seattle,44352,346-853-7791,TX,82a7275b-dae2-49ea-9ceb-f0b8168b9bf6
Emily Clark,60,Seattle,89348,761-962-8871,TX,7837a8d9-a7d3-4079-89ce-c9cbd8de778b
John Evans,46,Boston,14765,676-305-5956,WA,29ca81fb-9321-43a9-8c28-60e56872b919
Emily Foster,60,Seattle,89009,727-628-7796,GA,37df52d8-e7a0-42a9-a422-1e737102a6bc
Chris Baker,46,Denver,35973,888-427-1900,GA,b9f524d4-8e65-4fab-adee-4d708a189987
Jane Evans,48,Atlanta,29748,321-272-1235,WA,e295b473-f8e7-4005-8635-e8213363df29
Jane Adams,29,Austin,96139,214-521-5220,GA,9cd46b25-3560-449e-990c-140bd2d9d686
Emily Baker,63,Seattle,43880,598-711-4301,WA,d288c859-40a0-41fe-9202-683f42d7cf74
Chris Evans,69,Denver,92414,247-903-4831,WA,9d0f7ebd-6852-4002-900d-9ad0b645d27c
Emily Foster,21,Boston,67701,287-658-9373,CO,fac47f6f-8f2f-40cc-b8af-4c542709f366
John Evans,52,Denver,30958,976-308-7184,CO,372a0d7a-820b-46fe-a701-a310456b0a0c
Emily Baker,59,Seattle,82107,943-526-1573,TX,00a1f7ea-f8b3-4745-9f2b-47aa2969f5d7
Alex Clark,18,Boston,51239,669-253-6837,MA,b1874f81-027d-418f-a774-3c31e0f41485
Emily Evans,68,Austin,78114,628-461-6156,CO,bee083e0-8a82-4cd0-a59d-32638054f6df
Jane Evans,56,Boston,11243,743-475-5109,MA,3bd3289c-f8af-42da-885b-e4173d7c4ed6
Emily Clark,54,Boston,90966,916-689-9807,MA,90d0765d-f7c9-4a82-939b-c2f7ec2a5840
Chris Baker,19,Boston,27509,736-444-1149,WA,b74af1fe-3800-49be-923e-bca1fb8715dd
Chris Clark,53,Denver,32367,296-498-5291,TX,fc88a8fd-8fc5-4926-8cbd-d41200893e3e
Chris Clark,22,Boston,76872,271-222-9182,CO,43123301-f05d-4511-a7a3-acc250ba9a93
Chris Baker,27,Denver,56464,675-969-6192,MA,5b215166-a2b3-4ad1-8fe4-51d36de82637
Chris Adams,57,Denver,81637,571-840-2311,MA,4c91b11d-9c21-496c-b3f4-00fd0f9f19c5
Chris Adams,46,Austin,34965,209-746-3746,MA,792e20e1-8986-4601-a300-3159d9ea892c
Jane Clark,50,Austin,78879,206-245-8220,WA,523c5ab2-7f24-4a31-8e18-b0cd75b058ac
Chris Foster,58,Seattle,48186,576-793-5482,TX,695a657e-54a0-412e-b468-d75a263e0ed3
Alex Foster,59,Atlanta,52659,766-777-3558,CO,b121d0e5-bb3d-4cae-befb-07bea877cb3e
Emily Foster,49,Atlanta,27832,926-433-8758,MA,ec73fce7-ec68-46e4-b586-2bdf2e02c181
Chris Adams,52,Boston,10384,382-620-7505,CO,d8cbacb8-2b2d-478f-b8d7-666050374b67
John Evans,25,Seattle,82271,893-915-3103,MA,bb2bc6b0-9045-4b96-821b-3c3075c9747e
Alex Foster,40,Boston,45261,515-949-3124,TX,1f3ebe78-d1e3-4a0a-ad2f-934d5199a6e7
John Foster,18,Seattle,66999,349-987-1493,TX,bfee6127-81dc-4b09-b6dc-9eb0bff85a10
Alex Adams,69,Denver,35487,894-841-5019,MA,4a2268c7-815f-4235-b53e-e2ee12e2239c
John Clark,68,Austin,78712,269-879-2737,TX,52eb5abc-a4c3-43f1-a384-26ab8b636591
Chris Clark,25,Denver,38584,619-368-6531,WA,ff0fce6b-d646-4432-827f-dc5125f8317e
Alex Evans,21,Austin,16038,665-335-7117,TX,4926e280-dddf-4ebb-9a0b-bef1c51c7b0f
Chris Clark,61,Austin,47979,581-616-6742,MA,54edb53a-cf63-4841-a394-2c18014314e9
John Clark,32,Seattle,53323,450-323-4406,CO,40cf49c6-b098-4a60-8286-10d564b020ff
Alex Baker,65,Seattle,83057,881-580-1361,TX,9be16c7b-a3ea-419e-9e4e-23ad7181d058
John Clark,52,Seattle,25206,301-249-5115,WA,3b54b1fe-ed2e-46fc-b31e-4a38e8ef3890
Alex Evans,27,Seattle,82767,780-673-9179,WA,6440f237-cf25-4597-a58f-986e8705b383
Alex Foster,68,Boston,63202,931-271-5464,GA,b272f632-9d0b-43f4-ab2e-e6f9ba4ccd71
Chris Adams,67,Seattle,52226,289-236-4912,GA,f19858a5-9517-4460-85b1-6abb44afa87f
Alex Foster,29,Boston,35288,782-394-6980,GA,34cce5d4-ec12-438a-9c8f-d4b55dc6011d
Jane Adams,39,Seattle,32856,924-435-4474,WA,f8e721dd-ee64-49fa-bd67-0fb5e2b3d65d
Jane Evans,40,Austin,20458,756-880-9737,MA,05612b3a-607f-475a-8d1b-8c1d560c2a01
John Foster,68,Seattle,72633,618-859-6675,MA,34beab07-d70f-4332-96b2-8b5d4d02d62b
Emily Foster,68,Austin,90668,517-362-1160,GA,86aa3e64-44ed-41fc-a818-4cc5a9797955
John Baker,18,Seattle,29964,619-349-6425,WA,49bb6dc3-387d-46e3-9189-8cd8b65dd239
Chris Baker,46,Boston,50377,425-302-3495,CO,704f020e-5c35-450f-9a9b-75a552d5d89d
Jane Clark,61,Boston,22998,345-560-3150,MA,dd071ac1-d25b-4d4d-a1df-92a347054d09
Emily Baker,63,Seattle,99863,223-378-1198,GA,d9077751-8b19-4488-8a56-d189a0e9a9f8
Emily Clark,21,Austin,41700,759-965-8627,CO,684227a5-4530-4001-ba8d-236614ecfb3a
John Clark,28,Austin,43495,736-893-3598,GA,beab2b60-a904-4981-8252-af5c0e29c73e
John Evans,63,Denver,20461,729-562-6902,GA,923f1989-08ce-45a7-b015-74a75dcc8214
Chris Foster,44,Austin,34658,645-665-9373,GA,ff9766c5-bc6b-456c-9ccc-9296a0ef61ba
Jane Clark,39,Atlanta,16840,440-450-7744,GA,f17831df-ce2a-4c29-8250-546785e0c41e
John Foster,42,Atlanta,69130,238-549-5402,WA,94c1f4c4-d997-4ca5-be85-248995f1a1a7
John Adams,63,Austin,32317,497-698-8044,MA,7521aa82-3c20-49ce-843b-f167be47b26e
Chris Foster,31,Austin,15795,338-795-5345,MA,fb21b3df-a30b-4018-94b1-ce5da40af431
Alex Clark,30,Boston,40362,873-472-7404,TX,3c841c11-57da-4d06-a05f-ef59e4eacad1
John Foster,24,Boston,86514,252-369-7208,WA,e5029bf8-ec99-4a92-974e-a4affcf35323
Chris Adams,36,Seattle,32072,371-660-3850,GA,7b2eead6-9b44-4be2-b549-b0b284ed125c
Alex Baker,52,Boston,78656,437-595-7495,GA,4268923a-1b2d-47d1-9938-fae2f1614d35
Jane Adams,61,Austin,12616,442-665-5737,CO,202cdae5-9748-4a33-90fc-2aa9da760161
Emily Baker,60,Seattle,99074,552-429-7872,TX,d6cce1ac-3607-4b5a-ab26-ba344a9f07a4
John Evans,32,Austin,93795,562-804-9617,WA,39c09634-4a4b-4b1f-bb27-c8cb9005440c
John Evans,40,Seattle,44484,275-812-6813,MA,0555f760-6133-4b9d-bcdb-c1d13a29cfa2
John Baker,19,Boston,47157,858-326-5921,WA,37815cf1-e38e-4b42-96ff-2f0b2db487d8
Alex Clark,65,Seattle,74080,282-380-5730,TX,ca469668-cadb-44e3-9f89-fa723246acc1
John Clark,65,Atlanta,42701,472-872-4524,GA,11c5405b-b2aa-4052-af42-40b90297d446
John Foster,67,Boston,67727,514-307-4581,CO,e480f068-fe30-4b22-bc03-9759666a45dd
Emily Evans,22,Atlanta,29272,826-621-5117,MA,14a59520-831d-40bf-bc9e-77e17b1b8f54
Jane Adams,23,Atlanta,66956,490-430-6666,CO,5272c231-4bb1-45be-9fc3-1e39df08c528
Emily Adams,40,Seattle,99395,269-365-9934,MA,ad53c8e3-62ea-4773-98b2-d1590d5193a2
Jane Evans,47,Boston,79680,854-848-1141,TX,b3c2f28f-e9b5-4c80-beb7-a220793a4499
Emily Evans,27,Seattle,28954,928-559-7175,TX,dabfbac0-cfe9-40af-819b-f2239d53dd4a
Chris Baker,62,Austin,79658,658-848-3989,WA,5c0f4bf2-f179-43f6-952c-9792c07bbdcf
John Evans,35,Austin,46645,437-886-2770,TX,dc2639c0-3def-40c2-9ee6-3cba27074277
Chris Evans,59,Seattle,49447,733-523-3866,GA,264964f8-73c5-4c72-a1fe-11c929a23709
Emily Adams,59,Atlanta,71679,596-266-7912,CO,d2911e1c-36af-4138-a95e-47cf1ebedbd6
Jane Clark,68,Seattle,10198,301-282-9519,WA,0db1cac1-15d5-4f8b-b722-e266c7277fb6
Chris Baker,70,Seattle,39664,970-575-1880,GA,046d2489-a48c-44e5-ae1c-b7b1538bd0e9
Chris Clark,29,Austin,41342,532-514-2086,WA,6f7c3310-f0ea-4227-b60d-29ad438a48ed
Alex Adams,59,Seattle,52992,923-931-9201,CO,028082f3-5e52-4355-bf58-12784c2e13f1
Chris Adams,68,Austin,43921,389-858-3422,GA,84de1178-a34d-4550-875f-c4c7961ad2a1
Alex Baker,32,Seattle,17809,496-923-6077,GA,0f73e0c0-0ede-4a4b-af98-6262e6151ef4
Jane Adams,58,Denver,79512,581-814-6965,TX,4173e677-0dab-4246-9754-aa5ca65e8ccb
Chris Baker,65,Boston,75794,570-473-2673,CO,e3649b22-d858-459f-809f-a715aa82b16d
John Clark,55,Denver,99145,265-483-9466,CO,3ea595ae-4757-4a24-a956-be7a6179c4f0
Chris Evans,22,Denver,44537,302-861-9587,MA,e0f4873f-dc59-4651-aab3-09da0ceee2b3
John Clark,27,Atlanta,26621,683-806-7842,TX,ebfc3b9a-d12d-409e-a4b5-af3e4fdd148c
Alex Clark,48,Boston,56597,417-436-2707,GA,0861a260-5ec3-4e2d-9b06-6f3060798882
Alex Baker,21,Denver,34589,688-466-6979,GA,433f9aa0-03f8-4b7f-9de3-f5e79fe89c80
Emily Adams,21,Seattle,20571,239-248-7716,MA,3c003b6f-bccd-4ec2-ab65-b4fcbcc0d05c
Chris Foster,26,Boston,24519,583-370-1687,WA,9fe1ad7c-db12-427a-b90f-47a38f2271df
John Foster,47,Austin,84739,354-782-5787,MA,45109cb8-6ccc-4d89-8304-ad7244066b50
John Baker,59,Seattle,15347,540-847-3841,GA,d1d05c4f-b758-4a0d-8b75-70ca2518949e
Emily Baker,65,Atlanta,62615,278-914-5047,CO,82d2f8a7-9be5-4377-a792-1843ad955b18
Jane Clark,25,Austin,68125,902-939-9915,MA,fb781dc2-894b-42a5-b5ba-2ba03a639940
John Baker,18,Boston,11133,443-902-2026,TX,3291a37e-2e6a-4880-b220-a81ea35696ec
Chris Adams,61,Seattle,17983,496-941-5734,TX,c4fdbeab-0e94-424c-810f-f413e5a8bfab
Chris Foster,58,Seattle,30753,683-514-1006,CO,cfa2e6d5-3bb5-41b4-a21d-5645a347e8b2
Alex Adams,56,Boston,87828,528-554-5101,TX,7b004658-5a5a-4c1a-bede-ea54899e5fc5
Emily Baker,46,Seattle,10857,305-376-6581,MA,11d46f5b-e090-471e-8505-97accd9b045c
John Baker,49,Boston,44338,986-351-9093,WA,15feef53-0aa1-46e3-ab20-db49bbb29158
Chris Foster,51,Seattle,32450,350-203-6402,CO,593528aa-8a0d-48d6-b56a-4bd60e0a3524
Alex Clark,55,Seattle,83184,281-861-7268,GA,4ed71905-a8af-42ef-b61e-b3a2a915f34a
Jane Clark,39,Seattle,37139,856-516-7462,MA,e8e0fccf-646f-4fa3-acd0-0673cd395a63
John Evans,53,Boston,39751,633-495-4327,MA,55d0d364-d5f7-45f9-8d25-c163c2cac34b
Alex Evans,34,Austin,61922,686-354-6927,GA,32f3b444-6ace-41f0-8512-3025c81edc99
Chris Baker,29,Boston,45892,574-629-4737,GA,be974a7b-3254-47f7-9779-e190314d121f
Chris Foster,45,Austin,82120,481-444-5996,WA,c657b4da-e802-43a5-b757-3dd5160727b1
John Evans,41,Seattle,95202,984-912-1036,MA,c589bb56-91d6-4a41-9971-115467a187f1
Alex Evans,20,Austin,30901,801-452-6123,TX,627fea26-1db5-4ae1-956f-618477457a5b
Jane Clark,26,Atlanta,30679,491-994-1573,GA,ce895ae2-c2b5-4b17-aa01-b97f9b4ecb34
Chris Evans,40,Seattle,13747,354-339-4043,TX,38bc58a9-fa84-4b79-b4d5-93eff68c57b5
Emily Foster,64,Austin,32670,493-306-5665,TX,da1074ff-6141-46f2-9963-db1f8b66019b
Emily Adams,49,Denver,25942,292-847-2331,TX,84e6d168-0d0a-4816-beb2-b947628b9075
Alex Evans,52,Atlanta,39225,878-544-9123,MA,c65674ea-3c5a-4c15-a542-eefc437f1453
Chris Evans,18,Denver,42433,734-620-4670,GA,3ef21776-4846-451a-89f8-8798694c2675
Chris Evans,58,Seattle,50912,942-652-7274,GA,8d6faaf6-9762-4999-add9-57549792a4b3
John Foster,22,Austin,79944,309-756-3172,WA,0701839b-e859-49a0-98a9-269fdc6548e9
Alex Evans,28,Atlanta,49347,650-558-6322,TX,3a723288-4ade-4cef-8c7c-102fe9fcc8c2
Alex Foster,29,Atlanta,87938,495-509-6994,MA,1ccb530b-176b-4a38-9780-85fc8d46ad84
Alex Clark,40,Atlanta,72271,284-924-4216,CO,89857e66-926d-4e98-88d4-cbe881fa40a9
Chris Baker,40,Atlanta,95341,839-672-6648,GA,c0d40c39-c366-478c-a2ca-1dd2b9134a42
John Baker,36,Seattle,85768,983-513-4947,WA,617a3c8e-d31b-4406-bf0d-b8a40e75d770
Chris Evans,45,Seattle,14005,253-607-6375,GA,4c782fb2-6635-425f-a38f-37f3a4fe9935
Emily Clark,23,Atlanta,17747,282-486-9516,MA,39a51f55-ffb8-406a-8aac-5afd6c5d9af6
Jane Clark,30,Seattle,23374,342-260-4514,MA,cea1764c-0d4f-4ccb-a128-1990550653d0
Emily Clark,49,Denver,40977,996-285-2318,GA,45f320e3-371f-48ce-9242-0fe5e7c77800
Chris Adams,32,Boston,29627,409-217-2628,GA,168be556-0575-4925-a867-6ce071191484
John Adams,37,Austin,34112,693-946-1866,MA,cace477f-b006-40b1-9546-5f4851b6bd2a
Jane Clark,36,Austin,75813,776-526-4723,WA,beedc15c-892a-411c-8085-b22fdf758366
Emily Adams,18,Austin,29427,434-267-9894,CO,309a6b29-d9b5-41b6-ac8a-94e87ecc62e0
Chris Clark,49,Denver,21212,477-362-3076,TX,7268a1ff-17ed-4b3b-a6cb-c83cfa8945a3
John Baker,58,Denver,15086,332-538-2676,TX,55c45730-b61e-4c2f-baa7-561a5406faab
Alex Evans,21,Seattle,55379,834-312-2488,GA,4430de82-5267-4fbf-a4f8-d09199528222
Jane Evans,23,Austin,41594,765-365-6351,CO,e0cb9b61-b6a7-4cd1-98cd-622ac7c0df73
Jane Evans,19,Austin,90311,486-280-7581,TX,b257c1e7-59d9-4965-9b7e-823209df3ab1
John Clark,63,Austin,68343,795-744-9838,WA,f17462ac-f1a5-4baa-b846-c5b427a0466c
Alex Foster,47,Boston,49222,950-512-4568,TX,431a8ab6-26c4-448e-b53f-e1082807d277
John Baker,59,Seattle,95177,968-759-2712,MA,2bcc4a1d-ea92-4885-9d4e-4264f981f34a
Emily Baker,25,Denver,19915,535-910-1568,MA,aa0571bd-08e7-44fc-8034-1b3152cba060
John Clark,35,Boston,79583,655-224-1706,WA,11a62442-346f-4eac-8d71-37828e663947
Jane Adams,34,Atlanta,61587,614-991-5371,TX,6d8a5639-d453-41a4-bfd3-a08d1bca3ae3
Chris Foster,33,Austin,88998,354-372-8355,WA,36f08182-7e66-486c-b5de-22c1ade0706e
Chris Clark,27,Atlanta,63708,943-212-1972,MA,154a0192-5305-40dc-ab48-f4e8f9756cb4
Chris Adams,40,Seattle,93045,308-553-6180,MA,28bd4def-0fec-404c-b5ff-ab8e40abfc11
Chris Adams,51,Denver,19823,725-531-5462,WA,f89346e9-82ca-4ef8-9482-b0450d9112a4
Jane Evans,52,Atlanta,76816,552-454-6473,MA,7d762885-d24f-4fd0-8250-6a60d975539a
Chris Baker,34,Seattle,56023,815-519-5859,MA,50dcaccc-2d55-4c0d-850c-27b362ebeb25
Jane Baker,58,Denver,99699,886-670-3274,WA,db8aa18e-3bc7-4ec1-bd6e-6853d5031d47
Emily Evans,29,Denver,29816,560-234-8997,WA,c4710536-0ea2-487b-bfb9-147755fb1d40
Chris Foster,18,Denver,32529,473-745-4773,MA,446e28d3-e852-4d62-9902-8566e2d11cbc
Alex Evans,28,Atlanta,63840,660-980-6012,CO,98e1ac41-9e80-4efa-a2f3-6761c1654034
John Evans,34,Austin,44977,263-849-2243,MA,eb32f68f-766d-44c6-b1ee-71c67a98462e
Emily Evans,23,Atlanta,16542,501-385-6922,TX,bc965e54-abbc-462f-8467-79332dbede8e
Chris Evans,62,Boston,83585,795-972-1363,MA,3d59e42b-46ae-4004-9285-4f0235712481
Emily Foster,24,Atlanta,40464,689-562-1507,WA,b4760776-1dbe-43a7-9ee0-92fd8899255b
Jane Adams,28,Atlanta,73425,495-201-6715,CO,0292c7ad-502a-4dfb-9dbb-98ea63092c3b
Chris Adams,56,Boston,96935,848-481-7582,GA,a50758f1-f3ba-476d-9be7-3b548f3f078f
Emily Adams,30,Boston,63357,972-705-4310,TX,2b6624c8-bbc4-4459-99dc-02a816b3ce0a
Emily Foster,19,Seattle,14631,248-447-9084,GA,e89ba177-3a71-42a3-9fda-6191790cac90
Jane Adams,45,Atlanta,51631,508-440-7085,CO,3b7d4eb1-782d-484b-b6b8-bacb1f5d4124
Chris Clark,60,Austin,71446,759-994-6030,MA,233426fb-d60f-4d17-b472-119c4d78b68c
Alex Foster,23,Austin,28941,711-311-5204,WA,11042705-843b-4a8c-9e2d-fe673ff85463
Chris Clark,51,Atlanta,10516,254-987-8611,CO,ffdba62e-0125-42e5-9908-8a8b4b57d373
Alex Foster,46,Seattle,85520,511-605-3355,WA,03abd482-8af8-48aa-8440-b4822d25882d
Jane Adams,51,Atlanta,20495,494-209-6241,CO,cdbb16fc-5634-4099-a216-6c7bc3f8fe97
Jane Baker,40,Seattle,54125,259-602-3135,CO,3bc6cbd4-fa53-437c-a85d-3e7851fd8977
Emily Clark,18,Seattle,59150,269-629-5956,WA,ff9f83a0-370a-4b84-806d-46659375c7fa
John Evans,68,Seattle,10755,404-306-3199,WA,a5258f75-8eec-4ab7-a0be-5391a839fb35
Alex Baker,26,Boston,95658,253-756-3363,WA,46eaffe0-16ac-4020-9234-7894d312d656
Jane Clark,40,Austin,29057,589-473-3270,CO,edcdd123-9222-47c9-b85a-331aa7f7890d
Alex Foster,28,Atlanta,29676,271-789-5209,CO,7c799295-4d46-4696-a034-c05a3b17bf50
John Evans,19,Seattle,64358,725-832-4962,MA,d4fb5448-ca1c-4202-b6a2-fc836df5968a
John Clark,69,Austin,84049,265-701-6847,MA,5de77f49-5a49-4c2d-882b-b43e022371e2
Jane Evans,35,Atlanta,65419,525-408-2468,TX,0740581c-add5-425e-81b7-e5b8b6367df1
Alex Evans,62,Seattle,76046,209-308-5500,MA,400697b3-1c8e-413b-b7d2-80105dd03019
Jane Foster,58,Atlanta,64031,815-597-2752,GA,c0c16170-580a-4e4b-971a-a76fc5a27954
John Clark,56,Seattle,83134,701-266-7258,CO,408dc6ed-63ba-4580-8d55-bc149c98b197
Alex Evans,51,Atlanta,15735,850-919-4386,GA,de99162f-58ee-4be5-96b2-70040aa74b99
John Clark,45,Denver,37521,485-960-9462,GA,d4d87a83-b8a8-4248-b440-60bc87df0519
Chris Foster,33,Boston,74979,468-910-2491,WA,077e51c3-e082-4942-b8c0-eee206588e98
Jane Evans,19,Denver,61504,332-978-1454,CO,3db5352a-9b8d-4b15-aae2-8f4e426734dc
John Foster,29,Seattle,71850,466-682-4699,MA,b10ab8d5-765d-4d61-ac13-45241247d882
Jane Foster,57,Atlanta,32246,503-601-3780,GA,422c563d-e13c-4725-8d7f-0a8bbfb2538e
Jane Evans,23,Boston,93784,648-820-8017,TX,ecca2c1f-e4ed-4096-9196-fe04f53d84d8
John Foster,28,Atlanta,66737,975-985-7500,GA,ab499e70-714d-416a-8b1f-6607c4a055a7
John Adams,27,Denver,39051,840-289-3578,MA,bbeb457f-9fca-4dc9-9e8b-1e06edb36886
Jane Adams,68,Boston,67824,332-925-6294,MA,03883db4-6842-4bdf-a250-6bb896413179
John Baker,41,Seattle,80669,837-309-9057,MA,a1100c28-fc1a-484a-bb5b-8c296141d1f0
Chris Foster,31,Denver,11818,764-918-2368,WA,068b5c39-7e45-444d-adb4-f402c551f035
Alex Adams,34,Boston,44968,247-382-7782,CO,7b573b21-f176-446d-9ee8-069baf112125
Chris Evans,60,Austin,94565,341-339-7416,WA,576b06b1-91ad-4476-bc74-f5652afc5f3b
John Evans,56,Seattle,15156,797-530-2947,MA,f760128f-2302-47b7-bd8e-3ca181106250
Alex Foster,33,Seattle,82934,959-851-1150,CO,fedf2c7e-1651-4fd2-9719-b5ed7262940c
Alex Evans,39,Atlanta,10494,298-304-2851,WA,e537da9f-18d6-4473-853b-aebd74c3302c
Emily Adams,29,Atlanta,25581,888-963-8551,GA,ee4fc246-94c8-47fb-9286-7f332309c2ca
Alex Baker,37,Atlanta,51130,783-570-2777,MA,66b6f235-e004-4dd6-a69d-5195f9a8108a
Alex Clark,66,Seattle,75279,870-802-5867,WA,aed3546c-1323-437c-acc8-0f05615ffea0
Alex Foster,35,Atlanta,12792,563-985-3416,GA,503276ea-260a-4cd9-9a97-bd46d00ed07e
Jane Evans,31,Seattle,55912,583-931-3466,MA,886eacb7-5784-4259-b95a-8115615d0ad7
Emily Adams,22,Boston,62855,234-624-9583,GA,5d93c186-d221-4a8f-93f7-faf8c3c7dc24
Jane Foster,59,Boston,49343,980-386-9688,WA,6881a324-7b31-4284-b329-2515d9759fdb
John Foster,51,Boston,20070,242-230-7216,WA,026fdf9c-cdfb-46ef-832f-a7e616b07773
Emily Foster,45,Atlanta,60424,326-818-6029,MA,8c1b81e2-f3f7-40ab-b636-106be20f8602
Alex Foster,35,Seattle,26222,826-441-6459,WA,03fb3abe-9d24-4ff0-8474-475781ac8aa1
Jane Foster,41,Atlanta,49461,899-988-8352,TX,7506b2e8-2ccb-4a37-ac5f-d3b7d1351a02
Alex Clark,61,Seattle,66613,752-984-6829,CO,efff067e-9d4c-4fcd-bcd7-17ae13235c0f
Chris Clark,44,Seattle,87669,272-241-2229,TX,fb0cb974-1884-4063-a1f7-0716fe5bd6b0
Chris Evans,65,Denver,37000,282-820-3635,GA,dcf1a07f-1c84-49d0-bcbc-9f46e7c618ac
John Baker,43,Atlanta,60762,693-738-8379,CO,f80a737d-4b21-4cff-9182-a6099319e904
Chris Clark,63,Seattle,85242,323-266-1041,CO,8985b581-e8c6-4143-a827-0e0ee0ef39ec
John Evans,38,Austin,30023,731-908-3916,WA,a0d9491a-a096-4f92-9477-5b1f77db63ec
Emily Baker,24,Austin,14118,647-928-9442,MA,f9d95984-e7de-4999-9975-5086726e43cb
Chris Clark,49,Atlanta,37826,564-302-3471,WA,55de2071-22fc-49db-ba3f-9cf1ab866422
Chris Adams,19,Seattle,52526,799-403-5433,GA,e659d5a1-329a-4527-9037-5031fceec3d5
Chris Foster,26,Austin,33280,214-900-2003,TX,63e94b72-552f-4944-ba14-c014b959fbe7
Chris Foster,33,Boston,47536,206-396-9494,WA,1cc2131f-8862-4509-99cd-a79524f6152f
Emily Evans,25,Austin,86646,742-369-7521,MA,8317d290-b91a-4f2f-8776-1b4d1f56cc13
Emily Baker,67,Boston,97115,405-223-8978,MA,2fbac00e-ff14-4ff8-942f-7442293eecee
Alex Clark,47,Boston,23313,676-495-9015,CO,0e97a69e-7e3b-49d7-8307-03a13739fe57
John Adams,28,Austin,43735,914-602-8127,GA,059e9244-8b8f-4b19-80fe-0ec72f7cddaf
Emily Clark,44,Austin,57665,974-207-3775,WA,9342dc1d-887b-4e3d-ba19-9d06ece0df62
Emily Foster,22,Atlanta,19313,696-250-4163,TX,0aa11636-3373-43ad-94b1-723d6652b8a6
Alex Evans,24,Denver,38265,484-356-7396,CO,dcf24acb-1674-4e36-ad78-a44930f9f522
Chris Evans,23,Atlanta,39737,627-366-3326,MA,61bfcdf4-d703-4310-a3b4-b0bc021bf0ea
John Foster,27,Boston,98000,311-491-8548,GA,84a54953-4734-42a5-849e-310ded447b71
John Adams,38,Seattle,15644,232-974-3920,MA,2d8f68a8-e734-478b-b927-96fab79457f2
Jane Adams,46,Denver,91000,513-766-3284,TX,e7bc9a34-a8b4-4531-82c2-fdde68125432
Jane Clark,45,Austin,72194,786-916-1694,GA,807c0a46-da2d-45f1-91ac-d3af7949d29d
Alex Evans,63,Atlanta,19111,877-407-9363,WA,4dd8452a-f8d7-4f5d-9fbc-b7ddca2c234b
Jane Clark,70,Seattle,11455,911-953-5218,CO,676fb63d-efee-4845-975f-4e386d04febc
Emily Baker,34,Atlanta,69633,781-384-3522,CO,4e958163-b70c-4f50-a9ac-75c3943c3d13
Alex Adams,28,Austin,40955,519-965-9293,GA,e66bd9b0-c5ed-465e-899f-8f780899e492
Jane Adams,68,Austin,40614,407-668-8211,MA,6900e747-e649-448b-b3de-6aee941e8d92
Emily Baker,30,Austin,44459,905-476-4332,TX,b0c2815f-ee88-4b2b-8ee3-f484e27e080e
Emily Adams,54,Atlanta,59643,844-349-4373,MA,f027eb00-b16f-45a8-b8f3-e544ce427ee6
Emily Clark,52,Denver,39150,241-211-3339,CO,c6ee3b09-e166-4134-995c-570062032d42
Chris Baker,65,Seattle,47031,529-277-8566,MA,4a492d15-1d54-492e-bdbb-db23c22a936c
Alex Baker,37,Denver,16842,261-968-8693,GA,5ad839f7-16d2-429c-9468-d678aae61a31
Alex Baker,68,Boston,44932,575-885-9152,CO,64e9d1a8-8eb9-402b-8113-94fadc685c17
Jane Evans,60,Denver,37732,600-307-5288,WA,a0a3780c-6398-4220-904a-913289fc24a1
Jane Baker,37,Boston,11630,691-675-8610,WA,e14ec226-3b37-4847-8d0f-db8ddc48d23a
Chris Evans,65,Denver,73555,860-401-7618,TX,80c1b184-177f-4a5d-9069-652da5e51c9e
Jane Clark,31,Denver,61318,553-602-6481,GA,3a97764d-f96c-4583-a8ef-df4ad8b957d8
Alex Clark,29,Boston,22631,700-976-6497,CO,b83d96ab-5e75-40a4-aae0-e1012828ad33
John Foster,62,Seattle,42360,980-225-5911,CO,85b17c98-32d9-483f-994c-3c875f4e5621
Emily Foster,45,Boston,71376,910-800-6064,GA,e1bd42c4-596f-43fb-ad82-01af25e81e8b
Emily Foster,46,Boston,32400,770-317-5986,CO,943bd760-70fb-4431-9269-576164c73b35
Chris Adams,60,Denver,51185,521-523-4054,TX,51fdc503-1bc7-49a1-addc-bef035ba3708
Chris Foster,45,Austin,65957,588-918-9138,CO,c7714697-e1fc-422f-b3d6-de3b47d80479
Emily Foster,69,Boston,57809,496-960-6126,TX,759861ac-e851-4f70-b81d-6ac9eb4a3393
John Baker,59,Seattle,15407,259-695-6279,CO,342b0734-62bd-4246-a028-e312e0f5e00e
Jane Evans,45,Denver,82113,800-502-4107,MA,04e7f23d-4f0f-4d3a-a40f-024350035c2f
Alex Evans,64,Seattle,40014,603-411-5865,WA,4a511a02-6f37-4547-8d16-b190ad174ace
Jane Baker,26,Austin,83629,332-524-2917,MA,ffe4025f-5efa-44a6-aba6-c42b0e205abf
Emily Foster,22,Austin,97369,509-246-7926,WA,1678d5d4-9171-48b8-8e3d-1f5fcedbd6c1
John Foster,40,Atlanta,54356,528-661-8815,WA,9597c3ab-c244-443e-8beb-4d60d05f1fba
Emily Clark,70,Denver,93478,835-423-4438,MA,a92197f0-43b7-4eeb-8a69-2857173239e3
Chris Adams,39,Atlanta,39891,299-816-5705,WA,526d36b1-b2e4-4c00-94c7-1ffd8b1d2de6
Emily Adams,37,Seattle,88844,615-265-1030,GA,f0e271c1-6d3a-4ac4-b2cc-c02d5df72812
Alex Clark,59,Austin,92460,305-941-4885,TX,86cc6505-d57d-4c5a-9b35-84aa002b51f5
Emily Evans,64,Seattle,95066,794-671-1103,WA,e2e108b6-5be1-44fa-91f1-8058ecb7fb3e
Emily Foster,53,Austin,46644,671-998-5599,CO,14106d98-da14-4326-99e9-2b84a5163f48
John Baker,20,Denver,20593,798-734-6728,TX,a8a8bc6e-09fc-4e02-9e72-65cdd2d11ca2
Alex Foster,54,Boston,91942,856-350-5889,WA,6a33dccd-e5ef-4677-8215-b48474445d70
Jane Foster,38,Austin,68485,637-881-5125,WA,9c99ae3d-5373-41ae-94cc-b018b3fea9ef
Jane Evans,42,Boston,54310,634-616-3225,WA,c280df3f-c3b7-4948-8d58-8a7918d345ad
Jane Foster,69,Boston,18486,616-353-7886,GA,4f81377a-0e7a-4d52-9ef4-b5006f0b82a3
Chris Baker,48,Austin,32941,863-502-3699,WA,9868939b-a1c1-4cb0-9937-5144b9653b3e
Chris Baker,52,Austin,21044,610-863-7502,CO,d8918b1c-d55a-493a-a893-628b24e55164
Chris Foster,45,Atlanta,40909,472-305-4708,WA,fea705fa-e8e4-4dbc-915d-eea2140858da
John Adams,62,Boston,30117,456-512-4268,WA,2400b0f6-5daa-46fb-a24d-3ec86689907e
Emily Foster,52,Austin,44829,824-219-6619,TX,83ec5e9f-3e77-49e0-80e9-6e637a50088f
John Foster,60,Denver,54451,881-830-2476,WA,e0bccf6d-7220-4431-bf39-edea26c6c5de
Jane Adams,22,Denver,57592,832-429-7944,TX,168444f9-4134-45b3-8cb3-b1d3a1c8855a
Jane Foster,42,Boston,79395,945-981-4825,GA,3ae1e751-98d2-48d9-8eaf-758c658b1533
Chris Evans,56,Austin,76223,249-942-8027,TX,edef0c8a-f76a-4178-b641-fed2adde7617
John Baker,58,Atlanta,68321,630-997-6597,TX,c0c6d25e-76d7-4c44-bd6c-d5adb4e6a898
Chris Foster,37,Austin,41628,383-247-3621,MA,76a4d1e4-1f50-4b55-b584-37525fa46846
Emily Clark,19,Seattle,60070,947-719-9308,MA,659299cd-e86d-4176-93b6-139d47fa8263
Jane Clark,40,Austin,35075,630-895-3099,TX,f9fb2932-a5d6-45fb-b7de-8994ddf58aa9
Chris Clark,39,Denver,84886,602-919-9059,GA,80c5ae6e-d864-490b-bc1b-0d42a50613b4
John Clark,52,Boston,59484,344-373-3980,TX,2f8e8216-1963-4016-bc6c-46235f2513ef
Alex Adams,36,Atlanta,38326,878-612-8770,TX,3bcb5262-7203-4cf6-9d96-bb1e120ca742
Emily Baker,58,Seattle,37323,971-685-4444,TX,dd27a9b3-a397-4508-8935-c1d3adf1d3b1
Alex Adams,55,Austin,77957,408-309-4805,WA,22960e1c-e938-417a-8c02-760dd9383128
Chris Evans,28,Denver,44898,346-783-8957,TX,96f81c20-4b72-41de-be52-a16118204038
Jane Foster,64,Seattle,71217,471-449-9334,MA,e2b26c92-78ff-4c82-b9f8-b8aec966ec4f
Alex Foster,57,Seattle,50120,486-495-1266,WA,1f58fa24-3d82-4827-b4c6-a2a72ac3d6cb
Alex Foster,20,Boston,44499,448-511-1231,GA,70d6a8df-3037-4827-9ffc-01f09027d269
Chris Foster,69,Austin,12019,890-761-2977,GA,8d4ca057-230a-446f-93ca-f8e44d2cf6f4
Chris Baker,22,Denver,83061,241-851-4347,TX,4cab7fb8-15f7-4bc9-b334-5bcb1d6aca89
Jane Foster,38,Denver,23471,648-560-7958,TX,ea972120-e2a0-474f-837a-6f18e7485bee
Alex Evans,41,Austin,69236,328-716-8792,MA,d0821968-2e00-46a8-b923-7e627ee6bfc4
John Adams,42,Denver,13387,992-978-9289,MA,a482e6f7-77e4-425a-9586-881237a13096
John Adams,43,Atlanta,49809,460-350-1381,WA,f47d6027-d400-4430-b54f-e5af24fab42c
Chris Foster,70,Austin,14852,503-337-9877,WA,b8f9d34a-701a-4fd8-946d-78ee4a27ad68
Chris Baker,50,Atlanta,42710,553-740-8703,TX,ac21b9e2-ab34-4969-9d91-78d366dfbfc0
Emily Baker,46,Seattle,18095,942-332-2020,TX,b7d002fe-2655-41e3-8d9e-0d3758dfa3ed
Jane Baker,33,Austin,69904,500-921-5275,WA,b03e6100-6bb5-41c2-a30c-4e234f88b071
Chris Clark,54,Boston,32556,567-378-1383,GA,935a717f-f737-4c00-b5ca-c892cd1c41ae
Jane Adams,64,Boston,22697,544-747-7566,WA,aead591a-036f-4bc9-b5e9-5dafd855621f
Jane Adams,19,Seattle,27311,648-359-9174,MA,2140d363-0268-4043-bf7f-6d4a2cce18ec
John Adams,40,Seattle,73083,330-271-3086,WA,1b3d29cc-b073-40aa-b639-b27b2bbb5c3b
Chris Evans,37,Denver,32682,982-377-3147,WA,64444e44-bbe0-4f71-b427-06df263458a1
Jane Clark,37,Austin,37095,905-328-7564,CO,89d51751-3ed6-469c-b1e7-e1a77826210b
Emily Evans,68,Atlanta,60061,667-415-3994,MA,d551dbae-c904-42ca-820a-5bb8d07100e9
Emily Clark,43,Austin,76400,424-590-5484,TX,d443af78-7e0e-4b8e-86fb-d0f7c8eb9321
Emily Baker,19,Atlanta,97864,929-383-8050,TX,39b1b610-022e-4b93-9f4e-7b2113a1c45d
Alex Evans,36,Atlanta,54669,481-972-9754,GA,452abd4d-da96-4aa2-b911-7365bcfb935f
Emily Baker,63,Atlanta,76863,749-430-7378,CO,9b1739ca-db37-4a94-8845-bcd53c9d0449
Emily Evans,45,Seattle,53651,965-980-8758,MA,076cd63c-4107-41e9-9725-8edd6e092565
John Clark,70,Atlanta,54579,872-371-4622,TX,1afd4357-04dd-45e7-a546-e42c69087d35
Alex Adams,67,Seattle,39556,816-292-2031,GA,ccdb580f-e93f-4171-94ce-3ca0bf804a38
Jane Evans,60,Seattle,55552,853-757-9872,CO,6dc06f00-d673-4e8a-b694-6cbbc58ddc9b
Chris Adams,54,Austin,19510,222-483-5303,GA,ba5b16af-5531-4fca-a160-b26ad91ebea3
Emily Foster,61,Denver,32975,898-679-9738,TX,8d1f72ff-7704-4e1b-ba37-3090e4a5860a
Emily Baker,21,Seattle,59655,589-420-3862,GA,d4c80023-1035-4aac-a304-ad3521abe457
Emily Adams,43,Atlanta,32085,760-451-9192,TX,7d743a0a-5663-4d6b-b58f-84eb3d0a719d
Alex Foster,70,Seattle,59508,388-291-7470,TX,419c1dc8-931a-4a54-9bd8-f86fcc89df8b
Emily Clark,57,Atlanta,74599,981-708-5468,GA,5cdec417-9e05-4e63-a516-5560affe3517
John Evans,39,Seattle,69594,324-558-4754,CO,924f1ef6-3b35-47f8-aaa9-0e9f4d8f4ccd
Emily Clark,47,Austin,24243,655-697-9528,TX,150e3003-7e8a-476e-a184-fc3e7e30126f
Alex Evans,37,Seattle,48589,289-964-8481,WA,0e90869d-8288-4031-a4df-6a5419bbf556
Chris Foster,66,Atlanta,63452,960-214-8480,CO,9c08215c-dea0-4a79-abe8-13480061e93a
Alex Clark,42,Seattle,68522,287-221-5043,GA,c882d451-2847-4af0-97cb-104c86f79c88
Alex Evans,32,Boston,93544,525-806-1339,WA,fbc25ce4-a730-404b-819b-3b82e8121339
Emily Evans,34,Austin,81514,719-958-4077,MA,e562456d-71c9-4111-8893-d7a5b1c3c998
Emily Evans,24,Austin,22264,225-621-6975,TX,918739b1-398f-498d-af16-f18c89e71205
Chris Clark,58,Denver,37293,311-800-6718,GA,dd034fb3-971c-4597-a3e5-911675484f9a
John Clark,67,Seattle,87199,994-918-2283,CO,8d66b2ef-1508-46e3-870b-d52621d035c0
Jane Baker,28,Denver,42882,969-775-2549,MA,d134c7b9-3106-4eda-9171-868d0b1fd859
Emily Baker,43,Boston,94787,257-605-6990,MA,59bf9ad2-bded-4e67-98f9-0508499bbfc0
Alex Evans,59,Austin,37901,899-891-8871,WA,214f55ab-6311-4bad-ae90-7877a897c16f
Alex Adams,60,Seattle,67987,974-724-2325,GA,22cf4b80-dcda-41d0-9ee6-66f8aacdae75
Chris Adams,47,Seattle,94779,262-380-1943,CO,fce1d799-e0c9-4c97-9f26-b3d9ee318fd2
John Adams,23,Atlanta,57616,290-873-2075,TX,33075a4d-bc1e-4c7c-bf4d-1b0604ec93be
Emily Baker,58,Seattle,99874,494-660-8284,MA,9a6f2541-3d1a-48fb-91ba-7d6b68a89b5f
John Evans,70,Seattle,37675,498-848-4912,TX,f0f7ad9d-1ddc-49d4-82dc-aac65314939b
Alex Adams,53,Boston,68615,873-743-4385,GA,eeec1172-3111-4e42-9382-0124e184fbf6
Chris Foster,38,Seattle,15743,829-482-5082,TX,9ff25863-6ac7-40c1-8a6d-ecc1540a2050
John Adams,54,Atlanta,80191,480-888-6653,CO,5cc251c9-f6d4-4af1-93aa-52e58d29c54b
Alex Evans,46,Denver,32475,634-413-2630,CO,a0604a6c-a423-485d-814c-14a634e3026b
John Adams,33,Boston,29640,729-457-8962,CO,a9a76e74-7100-4748-9490-3795d5fc91b6
John Clark,42,Atlanta,80097,376-779-6513,MA,c4c70109-7524-4a64-ab3e-9f3a5bc5308e
Emily Baker,29,Denver,73157,950-787-5811,GA,0c2e01b0-6a6a-4895-95d1-a13604622b5e
Alex Adams,32,Boston,44262,993-269-4062,TX,7dae282b-e04a-44c9-996f-dbd59e13db80
Alex Evans,19,Seattle,74642,589-422-1995,CO,464702b2-cf28-42f5-b199-904abf590af4
Alex Baker,21,Denver,56261,959-311-5804,MA,08bb0235-6494-4c75-946e-0f50dc27dad4
Chris Foster,44,Denver,68195,740-757-9352,WA,14a39057-90cc-4174-8d81-c72d94e7bedf
Chris Baker,52,Seattle,11301,752-623-4026,WA,08415a87-f018-40e8-bb85-72fac459cfef
Alex Adams,28,Seattle,15506,684-440-7642,TX,c2e47a43-4be7-45d5-be5e-6f8369e26cec
Jane Foster,37,Seattle,94540,648-334-4048,TX,543d38bf-bef3-4e04-a4cf-ce63567a9dc9
Alex Foster,63,Boston,67368,354-770-8351,MA,5ca0fab0-734b-494d-80ec-0a44eb5ace0e
Chris Baker,61,Austin,26545,920-772-7134,WA,b8bccfd7-5ea9-46f2-8108-2494d925f1d7
Emily Clark,38,Seattle,97435,634-485-6780,MA,29f612b7-053b-4ff0-8e0e-84fd5042b4ec
Chris Adams,33,Austin,84511,764-364-4105,GA,938bf916-8085-449d-9502-398f2e1caa2c
John Baker,56,Seattle,44388,258-331-4641,WA,366a51f6-d2b6-4e76-b376-7b7083613135
John Clark,27,Seattle,16124,796-426-1785,CO,6fd7f648-a3f7-4cc4-b529-d400cf77067e
Emily Clark,64,Denver,48161,373-639-9278,TX,6251a452-dcc5-4f27-8bee-0e34f746810e
Chris Clark,47,Austin,47123,489-584-3817,TX,73e6fc2b-8904-4c50-ba08-8598424b96da
Alex Clark,70,Denver,86754,528-474-1491,GA,95189602-88d8-4fc0-b7c3-8fa279337031
Emily Evans,49,Atlanta,43578,804-937-2978,WA,413e248b-48d9-435e-9cdf-47dea958cdb2
John Foster,46,Austin,44891,954-503-1729,TX,a927012e-a59d-42f0-a73f-9d9741cf9b9b
Jane Adams,28,Denver,94577,492-239-6186,MA,cde7e6d8-8042-4c6c-9d89-0b5a9100323a
Emily Evans,21,Austin,10850,622-584-7515,GA,eb5d47e8-d00c-4fcb-a5a1-0a13a9ff87f2
Emily Baker,54,Atlanta,54560,842-851-7074,WA,bd66231c-1f26-490d-b04e-09fe275e7e67
Chris Baker,55,Denver,11606,856-774-2191,WA,d7e524ae-6d98-4d29-8292-b91aedc7ea76
Jane Clark,41,Denver,23081,714-940-7118,CO,8948f22a-282e-4d6b-95f0-83661ec94a99
John Baker,26,Seattle,73416,778-830-3105,TX,66c3e095-523f-4010-a70a-67dc506bc9ee
Chris Adams,41,Atlanta,90540,519-656-5645,TX,d600ff09-5215-4748-a556-a0e39d1e5e05
John Foster,49,Austin,89585,283-796-1727,GA,bc86ff44-adee-4974-8c37-f30e2fb3e7a4
Chris Evans,38,Denver,50503,716-974-3869,GA,8c72b1f9-b9f5-403d-a61d-f149354e50eb
Emily Clark,51,Atlanta,30500,374-323-8057,GA,a89135d1-9889-488f-906d-859ac3648f9a
John Adams,61,Austin,39090,630-752-3934,GA,dc841134-9195-49c8-94b6-ea351c698d91
Alex Foster,61,Seattle,43489,785-231-6040,GA,ee372917-909b-4b29-bf81-0fe9a48d8860
Alex Foster,69,Seattle,85338,692-757-6383,WA,fe624a73-b324-4363-b00b-9c6acce80ea0
Alex Evans,23,Seattle,49316,568-992-3966,GA,e761229f-a61f-4775-bdf6-4521d19fa156
Emily Foster,50,Boston,37973,966-593-9955,CO,482ccdfe-b7a9-4e3e-aee3-bf36d6307338
John Foster,21,Austin,75613,551-302-6281,GA,60e3f9da-9ab8-4e54-9e60-288b02347d28
Emily Clark,68,Atlanta,59118,382-553-1840,GA,90aa23ec-91a5-4792-84bb-b71870ea8a49
Emily Clark,62,Austin,41241,581-855-4776,GA,2e8cad38-8228-4e6a-b8e2-b0a00d7e558a
Emily Adams,28,Denver,17729,933-481-2877,GA,6547b009-bcaa-4f36-a131-92718e9c598d
Emily Baker,57,Denver,53935,724-917-1702,WA,4a350605-7216-47c3-aaf3-cbf6ce297025
Jane Adams,24,Denver,82219,312-728-2346,WA,528f976d-76e3-4b08-9623-c8f45c328adf
Alex Baker,64,Austin,56209,622-797-1329,MA,abb8041b-0521-4e08-8886-c5ec53592081
John Evans,46,Austin,83256,833-251-8959,TX,b556811d-cb96-4b24-ac8c-08ca9910f8cf
Alex Adams,21,Denver,90924,767-754-8669,TX,34553045-7dbe-4212-bbe7-52fd26d206c8
John Clark,52,Denver,22208,770-565-3838,CO,9b707de0-fc11-410f-a336-8b84da64e40d
Chris Clark,28,Boston,72053,452-497-6329,TX,152a767d-741a-41f9-9a39-947984253ed1
John Evans,40,Austin,33274,478-434-8602,CO,fada3634-c0bc-47db-8f4f-8d6f4278213f
Chris Evans,31,Austin,76953,386-393-7933,TX,7dff6165-bf39-432f-bfb2-bf789bb6e235
Alex Evans,35,Atlanta,75422,380-926-7535,TX,de3097b0-17f2-4cdf-8cf2-a9fe624d0fa2
Jane Evans,33,Denver,38716,918-233-6547,MA,c093d262-d5a5-4b7d-ae23-8d34efc63694
John Clark,32,Boston,88986,358-879-9765,MA,18d35e28-8706-4a41-896c-657065bc2c15
Jane Clark,57,Denver,32273,520-518-8600,TX,6e8fb9d1-51b5-4c05-aaa9-adcf545ae7f9
Alex Adams,57,Atlanta,11889,404-942-4213,MA,e6c38cb4-7f65-4635-880c-1961e7f61440
Alex Evans,26,Seattle,10373,516-608-8081,MA,905eebd2-82db-4b0e-9237-7dc35bf32fb7
Alex Foster,42,Atlanta,85643,869-714-1939,GA,0c132487-f595-49f2-958b-10242e9ebae9
Emily Baker,42,Austin,55136,563-790-5895,MA,32f15168-83a5-4598-954a-51aa4b3f11f5
Jane Foster,63,Boston,17822,372-891-9094,CO,ea674473-8710-42ae-9da1-6ce4e10e1ba9
Emily Evans,31,Seattle,89148,797-223-5349,WA,08a97ce2-3da1-4a06-95d1-6d913b9448e1
John Clark,25,Atlanta,60097,668-226-5100,WA,3a6853b4-e5ea-44da-8de2-cd92cc4f713f
Chris Adams,34,Atlanta,80864,508-707-3581,WA,ca3e78f3-272a-455b-bf9a-f2eced7e4a18
Alex Clark,26,Boston,52126,707-291-5530,MA,d03ccb05-5e24-40f3-bc6b-0f83847287f8
Jane Clark,62,Seattle,93585,245-823-5605,MA,9343cc7f-a7b0-4605-a68b-c28dba43a449
John Adams,48,Boston,79901,991-968-9260,TX,a35f2c77-161a-43ad-95e1-3372de7619a5
Emily Evans,34,Denver,59869,619-689-8590,MA,01241208-a520-4e60-aa0e-652b9e0946b1
Alex Adams,38,Seattle,41897,651-289-9253,MA,12d82802-948c-4b31-a188-438d4e6a47e1
Alex Foster,57,Denver,71032,879-547-8482,MA,fa883b6f-822d-4ffb-a82f-0b9af8a468d6
Alex Adams,37,Austin,16006,569-459-7734,TX,0b8031fd-cbf4-40d3-b373-6e73ac614435
Alex Clark,65,Denver,14376,289-710-3467,GA,ccbde0a9-a18e-4d3f-a597-322c775a0a62
John Baker,54,Atlanta,64789,339-762-7273,MA,2fadb558-b95e-4c33-bebb-cf2d82aa62db
Jane Foster,35,Seattle,84588,537-818-5502,MA,0671a412-2283-4623-95df-ab46555f3669
Jane Clark,29,Denver,22911,552-927-4213,GA,c2ad8af6-2511-4bfa-b5d7-f7f289affde7
Alex Adams,24,Denver,67929,543-769-2208,CO,90d01472-f04a-4570-9f47-04b8edb4f9ff
Chris Baker,28,Boston,81997,714-886-5882,CO,efc5eeff-f42b-4e79-a698-60af52d2d7af
Chris Evans,36,Denver,37858,212-207-5046,GA,8e29c7f4-79dc-4acf-8dd3-d7b633ddd854
John Clark,62,Boston,32899,590-235-6648,GA,ac5144ce-878c-4789-8593-db6f17675374
John Clark,28,Austin,21832,555-587-6568,CO,8ada1765-5d64-454b-a46c-94fea4ed4e70
Jane Clark,41,Atlanta,86086,203-487-1911,MA,482e0e30-6f08-43c0-a10d-815ff847ba3a
Alex Clark,34,Boston,57102,878-424-9122,MA,6287a306-75fc-48b7-91f9-3e685ca11a16
Alex Adams,41,Seattle,25352,675-485-6576,CO,a409698e-8cc1-4042-bf36-b60b36de26a0
Alex Evans,61,Seattle,23270,378-239-2623,TX,405b5b3e-d5e9-403d-b820-767795800026
Jane Evans,21,Atlanta,59464,350-379-9122,CO,de8c6c03-50de-4ddf-b494-ca3410f66eb1
Alex Clark,38,Boston,26055,636-363-9984,MA,55977b5c-007f-4f77-8d52-02d3c620bf76
Emily Foster,67,Seattle,94936,265-489-6640,TX,85cec2b9-307c-4644-8877-cfcf188e3c92
Jane Evans,26,Austin,24592,837-670-9625,WA,b6ee4c44-53c8-486a-956c-1620d45a4a5e
Emily Baker,20,Boston,81005,932-792-1032,MA,d9a1256f-90d4-458f-8544-633b1d505db7
Emily Evans,29,Seattle,71977,608-730-3685,WA,1e7e60ea-5ab1-4fa2-b410-96a43858c761
Alex Clark,63,Denver,87806,826-634-3427,MA,85632a0b-71d9-4901-8e47-dce9910376f1
Chris Evans,69,Austin,56687,895-439-8201,CO,e4acb2a3-8d4e-42b7-9679-a2aaa1a2407b
Emily Baker,62,Atlanta,78232,982-561-4765,TX,bf8d1103-d3d4-459f-822d-21c48f5cdf7e
Alex Adams,63,Seattle,64092,481-989-8581,MA,6baf0c17-aede-4464-800f-d1a241014c1c
Alex Evans,29,Seattle,23625,859-663-9538,GA,c95ee5a1-561d-452b-b83c-01ec26218954
Emily Foster,27,Boston,90304,453-955-2388,GA,731a9916-a305-46a3-92a8-05cff75415c8
John Foster,36,Seattle,84022,247-797-7124,TX,af5651e0-18da-4727-889e-0ebc6ba8f792
Emily Adams,58,Denver,81271,715-436-9344,GA,1cdafd5d-4a39-45fb-b88b-58daaae338ea
Emily Baker,47,Atlanta,52183,351-229-1672,TX,4951dc92-701f-4de4-ba06-26ea98afe54c
Alex Foster,43,Austin,34691,504-412-9839,MA,73d098b1-6728-469c-884c-d1b36072b821
Chris Foster,49,Seattle,54728,428-369-2386,TX,c9b4da4a-7247-4712-ab09-cc453f03c21d
Chris Foster,18,Boston,27556,494-382-4182,WA,8c04eb8b-9645-48ac-98bc-f3f5ea743307
Jane Evans,40,Austin,52055,319-853-7310,WA,2294600b-4d2a-484e-9d5f-82ca3a63f20e
Jane Adams,55,Denver,74790,595-712-5828,TX,63e2593f-d848-41f4-94ea-0f6f90c4de93
Jane Foster,18,Denver,15817,249-521-5666,TX,f48100b7-ffa1-4e34-9a7a-dfaeefc9e25e
Jane Baker,45,Austin,44583,746-948-1845,MA,375b12c7-ba41-4e28-8a79-e8a76d338528
Emily Clark,48,Boston,78041,550-332-9097,WA,275a6332-5cfe-4436-b94a-4eb737139f27
Jane Adams,63,Seattle,53725,681-235-1089,MA,7d5001ba-f48d-4ecf-b5e0-f73f48c4b45c
Chris Clark,44,Denver,15251,801-549-3638,WA,ff6577fe-1e52-4d87-a75b-58395167993c
Jane Evans,47,Boston,80095,844-233-3924,TX,869bb195-c026-4591-abec-cd95018e6004
Jane Clark,33,Seattle,47169,926-886-2660,GA,23f547cf-657e-437a-b70e-25bc8dfa4094
Emily Foster,50,Atlanta,86654,459-408-1242,MA,ebdaeaf9-4d81-4305-91e6-b932ac669b6f
Chris Foster,58,Denver,70359,263-945-5788,WA,3b179788-92c0-4a8a-a1e6-9a5979c7d301
Emily Baker,36,Denver,39230,951-718-9161,TX,2036f3a2-cfe3-4b5d-aa7a-9c813eaacb13
Jane Baker,62,Denver,80788,218-331-5349,CO,149af5a9-cbbc-4eb3-9fba-eb1df337c148
John Clark,21,Seattle,59778,792-376-8340,TX,f320fd4c-73fb-405b-8f19-d0e9f73f8044
Alex Foster,68,Boston,81367,386-479-5778,CO,a7eed35f-a7b4-4217-82ca-101586901e23
John Evans,59,Atlanta,41791,256-338-2787,MA,bcff4997-1881-4a1d-9135-8a7eb860d137
John Foster,60,Atlanta,15679,744-656-5177,MA,241fc56d-ab97-4781-8c15-9fc4266ec502
Emily Adams,41,Denver,85292,621-973-5294,TX,f5abfb9e-9039-4cf8-a186-ba1b1a5073ad
Alex Baker,18,Boston,55713,604-494-6726,WA,f90e7db1-33b7-456f-9aad-61edd08d2e26
Alex Adams,47,Boston,93679,945-534-9021,CO,730bdd3b-8aed-4b1b-8c46-a112fa99b19d
Emily Baker,58,Denver,87031,234-535-2731,WA,5162ff7a-735a-45fa-a783-0d5f3c27199f
Jane Baker,21,Atlanta,10159,347-845-9737,GA,d5aa9f9c-3298-4502-9cb7-270339de2aef
Alex Evans,35,Austin,18539,528-325-3684,TX,ef9e5370-8825-4361-a4c5-731d2ab63222
Jane Evans,19,Atlanta,56814,572-699-8676,MA,6f06f3f5-8bc6-44fb-a558-dc9dfb11e173
Emily Clark,53,Atlanta,88420,704-564-6456,WA,6976775c-901b-47c7-a779-95a0f7dbe4e4
Chris Baker,30,Austin,17665,409-708-6209,CO,07ed29ae-a963-4182-9e5e-34914b3e980c
John Baker,27,Denver,17738,500-493-9084,WA,21cf4343-da6e-46c7-8318-f837895f9a59
Alex Adams,29,Seattle,19302,283-896-7097,TX,ec5552cc-b993-4e99-9583-5d388c7d82f5
Emily Foster,57,Austin,96600,390-942-5157,WA,99997cd7-af9a-44c8-af56-d320f8d8bada
Emily Adams,21,Austin,98575,241-493-1740,GA,0cdf8a3f-94b0-4a68-a89e-7bcd5a8928ce
Chris Baker,19,Seattle,94052,861-736-3860,WA,d0f75b11-c8df-42f8-9954-207786807412
John Evans,62,Boston,69996,682-716-9423,CO,f8ee3fa8-ec8c-4256-aa8e-74be06248090
Emily Evans,59,Austin,21113,452-687-3258,GA,dfd6b31f-e37a-4b06-857b-7bd2386fb07c
Emily Baker,67,Boston,84601,883-996-9269,TX,f5c133d9-4cf9-4f47-9e9e-c0a720e196e4
Jane Clark,58,Seattle,18726,527-505-1014,WA,a080546a-bd64-4d17-b27a-8666c35138c7
Chris Evans,24,Seattle,64168,537-636-2675,MA,de9db920-d481-4800-9924-e01a19b29ba3
Alex Clark,54,Denver,87398,729-285-8402,TX,2075268f-c937-425f-9b12-7360d99a7f87
John Evans,26,Denver,44567,445-856-2090,MA,3fd44c9f-bed7-4261-81ef-daba7f4a2552
Emily Evans,58,Austin,88708,560-919-2165,MA,ce38d291-1495-456b-a998-02a33a8a0c9a
Emily Evans,51,Denver,22884,412-522-1009,WA,6ed5249f-f6f4-4ec4-8730-a2ca11a1a246
John Baker,25,Atlanta,24823,848-694-5920,MA,914e71d5-471b-4dc7-8102-0cd486b83c08
Chris Evans,50,Seattle,99474,878-833-8207,TX,ede8a241-53b7-4910-a2c0-53e056ea7f91
Chris Baker,56,Atlanta,28885,582-971-2064,WA,8496611a-0717-47bf-8c09-18fc79454ac6
Chris Evans,29,Seattle,38836,503-555-8754,WA,117d507d-980f-43f5-b45c-64ec8b206c0d
Alex Adams,70,Boston,50270,781-602-1345,WA,919e7b72-ccfb-40dc-bf47-b3054e23e015
Jane Clark,67,Boston,61262,334-900-4961,GA,7867ca95-d67f-4f97-8cab-5ba95d9760b5
Chris Adams,29,Seattle,41719,248-851-4560,TX,3f8f7489-0cf5-4b07-9383-fa133b347f36
Alex Baker,21,Atlanta,30100,637-551-7102,WA,7cdc6e76-4701-4b50-9b7d-afb44187d461
Alex Baker,46,Austin,20358,713-750-7313,CO,c30f98b3-64a0-4774-adae-520773dcf4ee
Chris Foster,57,Denver,71952,756-753-7905,GA,6adb0218-4c19-46ee-9860-e856a8915c60
Chris Baker,44,Denver,43063,434-707-5216,WA,a52638a3-32a4-41c9-a202-0f2bfc926f93
Chris Adams,35,Denver,65819,804-354-6286,WA,d85d5b5a-d488-4c75-a7b1-03f2680a2b28
Chris Clark,46,Denver,53839,589-264-8088,MA,79a404e2-a4c1-482c-8132-aad7795f66a8
Emily Baker,32,Austin,84982,975-744-4143,CO,767ef44c-7a18-4df3-812b-c7bbdd89abc6
John Foster,60,Boston,25448,702-944-1676,CO,ac568d0c-078c-4187-a09b-95e77fea0cad
Alex Clark,28,Denver,79912,499-839-6234,WA,a628a127-0ca0-4bd7-b2ed-7a2477bc3370
Jane Clark,40,Austin,93680,454-926-6946,CO,d8072ca9-54e6-4183-bc97-ebb8ae86d1a6
Emily Evans,35,Seattle,96287,316-384-8991,MA,95421e8a-cce2-43db-a9a8-441bf64d82a4
Chris Adams,68,Austin,82612,879-337-3780,GA,8778018b-241e-4c92-b094-9525c99811ad
Alex Foster,32,Seattle,70977,409-439-2607,WA,83599c2d-655c-4a3b-aa57-1ec01f102451
Alex Clark,56,Boston,93704,790-931-4575,MA,86f4b5a2-ecd2-4354-8238-c36eda6403f2
Chris Clark,27,Seattle,63780,542-364-1952,MA,4e60f08d-38c9-4f1e-bd60-5a6b8ba40058
Jane Baker,18,Denver,82395,809-542-4062,CO,1afaf29a-af75-4f14-b66b-a80a89678bad
John Foster,67,Boston,19320,561-600-4559,GA,4346d365-770f-4072-be8f-a23f07dcf1e8
Emily Adams,50,Atlanta,61592,372-993-5116,TX,e844add4-4aa3-4df7-8780-83752f40c3ab
Alex Clark,64,Boston,71752,729-963-5452,CO,272da4cb-252b-474e-9d3f-2df97fe98e05
John Evans,50,Austin,37271,497-204-4370,TX,b172b55a-da0a-4a31-b522-73bae623556d
John Adams,18,Denver,51841,960-916-1115,MA,18479563-30a4-45ce-b4b1-22096b49d642
John Adams,25,Boston,33366,763-884-2521,GA,8cada7ad-2fe3-4e34-af8b-b414dc4bca7e
John Foster,29,Atlanta,44774,784-347-4517,WA,70746ad3-7de4-4f2d-9afc-c75116aeeb0f
John Clark,39,Denver,98411,334-474-1694,GA,2b8b9559-50b6-443d-b24a-d8a311f85df1
John Baker,47,Atlanta,89162,947-552-6900,WA,351aa1fb-cb37-4929-b54e-630118a3b116
Emily Clark,63,Boston,54404,336-644-4230,GA,5a4d6380-a8d4-43d1-9197-424d795c95c4
John Foster,57,Denver,70424,813-756-6531,GA,cca9103b-6c3a-41ce-8f92-2e26cc0d58ad
Alex Evans,33,Austin,38534,688-565-5651,WA,060e9ee4-c52d-46d3-840a-86a28a3c3930
Emily Foster,66,Austin,15244,378-446-5539,CO,ac229eb2-b286-4360-9870-fc2a8272e0fc
Emily Adams,47,Austin,53281,478-841-5478,CO,64ab62a4-5784-4bfa-a736-b222e5541c20
Emily Baker,48,Denver,17122,570-964-5156,WA,3b78fc84-0292-4d2c-a90c-ddd8d08a98f9
Chris Foster,67,Boston,10371,667-724-7573,MA,1b7aa17b-ea3f-425d-88e7-0d674a2c9287
John Adams,62,Seattle,94330,534-638-3041,MA,089e6094-d4a7-4921-9fcf-dc9e86383a32
John Evans,61,Atlanta,71852,965-857-7111,TX,906d0152-6f0a-4355-9118-632897460d7d
Alex Evans,70,Denver,10234,611-802-1456,CO,48553291-a8f9-4146-a02b-46b7e4905007
Chris Baker,67,Austin,36726,602-966-7089,GA,3cd99a2e-abf6-40ed-9a3f-aace6850dba5
Alex Clark,41,Seattle,93500,713-981-7690,GA,9f802039-6fab-4cb8-be37-3acf420df0f5
Jane Clark,31,Atlanta,45254,887-805-9649,TX,eb9fd88f-5706-4ba4-8628-d7d90dc155ab
John Clark,66,Boston,64844,812-653-1952,GA,3c45fe46-0cc5-4ef2-b3a2-821fe1d5fea2
Chris Baker,40,Seattle,86362,497-586-5530,CO,c4cc54f4-86a6-4266-a15e-fb6fa2c53456
Jane Evans,46,Austin,31712,909-856-2144,CO,5c0d1ed5-63c2-4e0e-99c8-f04afc4ace8e
Jane Evans,67,Austin,45953,229-889-9890,CO,ff773df0-b5a4-4ffd-b979-b7bcf71312f6
Jane Baker,55,Austin,41334,370-932-8403,CO,78669298-48b9-49e7-8089-7d1f786db782
John Clark,47,Denver,13339,613-334-3186,GA,95004032-8168-4cab-b7d1-0304733085e7
Alex Baker,23,Atlanta,34455,848-711-6512,WA,8656a7e6-abe8-496d-a526-e0b3952c4009
Jane Baker,55,Denver,59017,493-332-9579,WA,09e4d5cf-d67f-44c5-bc45-ebded982438f
John Baker,56,Atlanta,80859,924-908-8056,GA,27f86a00-14b0-4984-b790-0ca40a896ac5
Chris Foster,56,Boston,85728,969-412-5560,CO,e2226e2c-67a6-48ce-828a-0b02b6ff64a0
Chris Foster,18,Denver,85891,638-443-1273,MA,1b5cad82-319a-4066-93ff-0328293c7e38
Alex Adams,54,Denver,21426,709-973-7524,TX,ec77f460-cd54-4df9-a6c0-186cae0bc78d
John Foster,19,Boston,98215,796-904-9511,MA,b2cdf8b6-ba75-4191-9e87-7c074a4ab947
Alex Foster,63,Boston,94717,790-766-9307,WA,cb2c74e1-4c7b-4db9-8b37-92dfb1414a60
John Adams,67,Seattle,77083,774-950-2403,MA,c4481cf9-63cc-4784-90d8-a8cc6b2aff5b
Jane Adams,21,Boston,73669,236-791-2318,CO,35a255f7-d8de-45cc-8500-8be5a79f51e5
Emily Foster,33,Boston,61938,538-229-4658,CO,43682a83-3312-48a7-b2eb-be1093f73c63
Jane Evans,20,Atlanta,57503,946-329-7830,CO,f8e654d4-1991-47a5-b10e-9be52de696c3
Emily Baker,68,Boston,70994,307-917-2330,CO,4322d5f8-c25c-4f3d-aae1-72816feb4316
Emily Clark,28,Boston,42061,844-795-3256,MA,b628c6e5-1d60-4fdc-9bdc-f483ba78c8a9
Emily Baker,19,Denver,50908,337-298-5094,WA,428af7bd-51e9-4c6c-8f14-292b7bd1744d
Alex Evans,34,Austin,76794,847-985-9622,TX,268b6e7e-6aac-4677-8461-136738a737d1
Alex Adams,62,Atlanta,43795,564-895-4927,TX,21310ec2-e005-457f-9792-6901f6a9092b
Jane Clark,56,Denver,76925,730-472-9501,CO,2f1763e1-0acb-42e7-ba54-37d9e85f1383
Emily Adams,30,Boston,20370,657-300-6242,CO,a83a632d-abe5-4d82-b705-678ad72f6029
Alex Foster,28,Atlanta,93716,955-905-4723,GA,1a737723-1ccd-4ffc-b0c2-d4475e7b22b4
Alex Adams,64,Denver,41924,535-744-8014,GA,fd65f219-a41a-4eb8-b65d-7283107678b1
John Evans,49,Austin,58836,580-468-1924,GA,069fe749-b83b-4cc8-a213-f17bd2054712
Alex Baker,35,Boston,27185,512-705-5601,MA,6d76b0bc-f36c-4eea-b283-42b29f049309
Alex Baker,70,Atlanta,32357,471-477-4151,TX,424e96be-bcc9-4432-826e-6c739e18dffc
Alex Evans,34,Austin,60907,382-414-8920,WA,856f35e8-0e6e-4585-b22f-279d076896c2
Emily Baker,41,Seattle,82752,410-798-7656,WA,651231c9-b662-4050-8f88-2fb56df29551
John Baker,47,Austin,33295,619-832-6960,TX,995bf455-92d7-4fbc-9c15-edad383bd975
Jane Baker,57,Atlanta,98766,669-388-4542,GA,8f3b9c74-14e0-4456-a844-081581548b7a
Emily Clark,66,Austin,27986,947-956-4125,GA,c19b9f75-4766-4d1e-bcc4-c85f58e46b24
Alex Evans,23,Denver,49553,816-823-7098,GA,90e0c59b-ac58-43d1-98e8-e0f943302963
Jane Clark,41,Boston,98770,428-258-1532,WA,54b87e0b-6461-4a1b-a85e-6208b64cdcdc
Emily Foster,53,Denver,21791,349-712-2902,GA,407aefa6-c91b-42c4-8bbc-42d934c7ee0a
Jane Baker,66,Denver,22170,890-404-4549,WA,a0f13ff2-be0d-486e-8411-78a167012178
Chris Foster,33,Denver,12110,409-657-4994,CO,26feacd9-c6ef-4fc7-84b0-8476e51eb8df
Alex Adams,26,Boston,93498,206-441-9406,CO,bf676c6c-eec3-432a-8949-4a62c3014ce9
Chris Baker,52,Boston,99118,715-603-5294,CO,9a83e9d1-f51a-4425-bded-fb82341254dd
Chris Baker,33,Seattle,45895,458-944-3624,GA,3114e5cc-0e1a-413f-86d9-6897d6d222c3
Chris Clark,31,Austin,81217,541-306-7158,GA,0cdd2953-dc26-4503-b44d-8d5808ebe001
Chris Adams,67,Atlanta,63389,696-925-6686,WA,004c4d73-08d0-4e6c-a3e4-9d541209ed31
Alex Clark,53,Austin,59894,496-584-4431,TX,ca3f5294-7ab3-486d-b17d-3021074dda28
John Adams,65,Austin,23721,223-555-2532,MA,d5493229-80c6-4078-8fa4-26de737983b4
Alex Foster,59,Seattle,55233,322-200-3586,TX,71b80ad2-66b9-4508-9ff8-51f1a9758f23
Emily Clark,52,Austin,69764,205-669-7621,MA,7a64d985-6de2-4cfb-a503-cacfe18d5fb6
Alex Baker,21,Denver,56026,289-613-2065,CO,b82d4999-ea71-42ba-b332-d8e11c754d6a
John Foster,46,Seattle,68983,842-489-6991,CO,b32fbf5b-9aa9-4620-9832-e761aaf977d2
Alex Foster,41,Seattle,38971,469-528-3772,WA,c217205e-6df2-4432-9eda-edf4573cea46
Jane Adams,60,Denver,96199,418-740-3540,CO,1783e160-b560-4036-bce5-b092c7e6779f
Chris Baker,62,Boston,53942,230-208-4867,MA,9dbf9cef-772b-4fcf-bc01-5a3176c08077
Alex Clark,54,Austin,85468,518-765-4587,WA,68aaa9b2-d933-4205-8a49-ca079664108d
John Adams,48,Austin,68087,729-836-1833,CO,a8346d3f-f1cd-4a9c-9c98-312f93262c58
