name,age,state_code,city,zipcode,phone,order_id
EJw,60,PA,Erie,16501,7317876756,ebbdbd88-4671-425e-8738-da6eb19a94fa
flZ,86,NY,Austn,58696,2883855672,a5233a49-726d-42c5-8f1e-bb7108dd9e7b
wAr,69,OH,Akron,44301,7436935292,954c634c-80d3-4259-a34f-27c829c66768
oUV,95,AZ,Mesa,85201,2053985343,7d6036ad-2710-4783-af2b-868022c7c170
juL,30,IL,Austn,58696,2138708486,9f2a8a64-74de-4d12-8260-ce451a2259fd
LsA,77,OH,Akron,44301,1550332075,583d7876-f400-46f2-ab48-e71af36bc9ba
xCw,75,GA,Macon,31201,1693190766,0b671105-fb9f-4458-9757-063edb8016db
lHI,32,NY,Austn,58696,9885796046,e3334d22-1a2e-4e2e-8cff-5c76db8e2ad7
TpG,74,GA,Macon,31201,8626719356,b372fc06-2860-460b-96c3-bc35112aaac6
Ckr,71,NC,Austn,58696,9108108669,fc47a819-389c-4dd3-965e-41c9bff0883e
Ppv,16,GA,Macon,31201,5714566095,710e8bd5-ca8e-4b93-b212-c198863b6ea1
gbc,83,FL,Miami,33101,7739540412,d4ab4d8a-629b-418e-aa29-5c43af5d9eca
zaJ,38,GA,Macon,31201,9155953736,a6f6949c-18b4-4fc3-9b6f-80e650cfcb3b
uji,51,AZ,Mesa,85201,4599242989,c0c6d09d-96de-4d23-a670-efdcd672e8ef
ERI,48,NY,Austn,58696,4383983399,40e9d2a6-8f4a-4931-b7a6-cb34c519a2ea
EWQ,99,NY,Austn,58696,6370164206,b589967f-4fdb-406b-8b78-56fcc9c451f8
uHo,21,FL,Tampa,33601,1445598487,20982865-873a-411a-8656-c2a2f2d87467
YPh,84,AZ,Mesa,85201,5544246894,90149982-4af7-49b1-82c7-dde75f0fde1f
ASr,31,PA,Erie,16501,6961439368,11d75687-ee5a-4d81-ab8a-0a1f055d98f5
DvM,66,AZ,Mesa,85201,1496698108,cd2e4ac1-7cbc-4da9-9daa-c300bf4f4369
LSZ,85,AZ,Mesa,85201,2905087231,7ff3238a-33f9-44dd-ae59-66e7aec6932b
ffV,25,NC,Austn,58696,9661942913,811402de-0067-42ff-84fd-abd847323d89
iLd,57,IL,Austn,58696,7259147843,bce1bf2b-cd45-4ea9-b835-da8ff07a9018
hGi,61,NY,Austn,58696,5174764027,b9c0bf4f-3105-4e1b-8423-cc8248febdb0
erp,79,NC,Austn,58696,8403009030,3c5f5700-64b3-41c0-941b-cc90fca49e95
BRx,77,AZ,Mesa,85201,6059451263,e9d27cec-6155-4f14-bb9e-53958931610c
Bgq,96,OH,Akron,44301,8287924994,b9ed21d9-70f6-4597-a53a-f13189945d54
ydQ,46,TX,Austn,58696,3057003225,28900263-c3d8-4178-baba-12743d5b80fb
QMO,34,OH,Akron,44301,8697799028,bb0d0319-4281-415d-b6d5-203d6c67690f
Eve,65,FL,Miami,33101,5252940503,7adaf965-30be-4745-abbf-03825767085c
MUx,59,CA,Austn,58696,9879667518,a811bb60-dc5c-4276-a33e-664f29e6dc40
hvl,41,CA,Austn,58696,3896326522,bd08a698-5dc5-43cf-a8a4-f6239daade84
PTJ,70,IL,Austn,58696,6704801627,16e59633-303c-4487-a617-0586b3f6b198
PQu,14,NY,Austn,58696,4443286437,2abb4e3f-1d45-4d08-858d-2efb74e020c3
duI,54,CA,Austn,58696,7238712256,2a10e765-d873-4806-9de5-e5396c05ebcd
ZPg,29,PA,Erie,16501,9768475762,a47f8437-0050-439f-bb48-02fc62955776
GxO,27,FL,Miami,33101,2302352386,2904457a-5e83-4c35-a68b-0f5c4c47b71c
YUq,65,FL,Miami,33101,2839938175,9394304d-25c6-4c2c-aea8-347a6d835a42
mMC,68,AZ,Mesa,85201,2060009565,c4d6d12a-872c-415e-a0b1-8c3b2c17a7ad
Rcx,30,PA,Erie,16501,8663932340,acf34a37-d216-4f2c-ae3d-ef891d3eb9c8
eae,70,CA,Austn,58696,4387044234,ddb2eeef-4481-42dc-b637-2aec7e2dda87
pdU,46,CA,Austn,58696,4430380445,a44978be-53d7-49ae-af47-23aecd456a52
xHB,89,CA,Austn,58696,9778914981,d8fc776f-2066-44f2-be41-a408add30f04
ewS,14,PA,Erie,16501,4285564584,c1ffaa0e-975f-43b7-bab8-04991907e268
VTD,91,CA,Austn,58696,9423954864,58c9f02f-1e81-464d-a40d-8d6ef1d70e14
IiB,73,CA,Austn,58696,8345008018,c762ed4b-ab31-4a0b-8244-fbbe70316f3d
tzE,26,TX,Austn,58696,4960892125,2d2a3fea-d93a-418f-9740-50db2597c0ce
jmg,96,TX,Austn,58696,1426632530,70449c35-11bd-4b9a-8350-cb4737a2bb82
Pgc,80,TX,Austn,58696,5324790420,414427d9-e2d0-4713-9acd-475bfdd2f3ca
Pas,96,PA,Erie,16501,4775298574,a4f07de4-8f3c-452b-9a7a-565bf1d95990
Sac,15,FL,Miami,33101,7951579062,5fe68ec3-639b-4163-b5b7-441b8fe53546
zrr,49,OH,Akron,44301,9404451046,141b8bc5-dd43-423d-9159-efdbb20d4525
YbT,12,IL,Austn,58696,2159744025,f6977d98-124d-421a-bcca-d5ccf645e4a3
krJ,50,OH,Akron,44301,2888246133,122750b0-6692-41ff-ade5-12114468dec9
Uch,76,GA,Macon,31201,1274832759,37eccfac-8fe5-4c12-9522-109d632dae8c
umq,73,CA,Austn,58696,6657010385,b8896956-24c1-41dc-bb33-d6c294e4a7cc
iQt,90,OH,Akron,44301,6143212159,4bf7c5ea-d48a-4d9a-9538-d9678f4a41f2
hus,58,NC,Austn,58696,7575974087,c30a5dd9-cff7-484f-bbc0-115df6f8b802
LbL,94,NC,Austn,58696,2826655655,ab9ea78e-0cf4-4219-b668-18955a69cc87
aCS,94,NY,Austn,58696,5174141390,e5b44ec7-b9b4-45c7-8039-4d00ea03c0f4
qnU,12,GA,Macon,31201,2899567974,33c47db2-b0c7-427e-a076-0d14b766ca21
kcA,19,TX,Austn,58696,2563926964,15d4020a-2735-4acb-93da-ec7c00db5590
eeR,38,AZ,Mesa,85201,3406796364,e7d3e048-669f-4c90-b733-18e782aebe8d
vja,26,IL,Austn,58696,9144915577,e63075bf-b33b-4c56-a9a3-8253396cfd8f
rvi,97,AZ,Mesa,85201,3274374692,f0bddfc1-ddf2-480c-93cb-b80a318c3484
TVR,51,PA,Erie,16501,1108436478,37105c05-60a8-4a59-a7b2-eb0ddc2ba1f4
ySl,29,FL,Miami,33101,7702507440,e7780d85-7d5c-4493-9b2a-f2441cd44113
RQa,29,IL,Austn,58696,2930524273,43e320b3-6607-417f-8347-f08500890c08
pjI,59,OH,Akron,44301,7243542174,294bc8d9-dda9-4582-9e02-c0cadfb820dd
WCT,73,NY,Austn,58696,4405511645,4365b09a-a3d5-43ab-ae29-548bed00498d
PGg,44,GA,Macon,31201,5085612059,1fc8cb86-b2e4-4069-98c5-94b9ea5fbf91
ees,74,IL,Austn,58696,5221976058,288298fd-651c-4a9d-8593-8a88d3fa3919
lPo,20,IL,Austn,58696,3298682858,537802dd-4387-487f-accc-1df1fe10890a
rni,81,FL,Miami,33101,1808663288,ce7c18ea-174a-4f31-b6be-b6d4cd05873a
tZy,24,AZ,Mesa,85201,5658056915,fc509f39-55dc-4e9d-92ba-a048fb630f58
hDc,69,CA,Austn,58696,8549365344,6fd1db23-cbab-4246-b678-af552782acda
cie,67,OH,Akron,44301,3784644570,cbeda6e3-2a87-4ca5-af64-f2f8c13c5cdf
vrO,45,AZ,Mesa,85201,3064370158,391b3d6a-57d2-4168-8a8d-78aa77834450
dBx,88,PA,Erie,16501,6305851926,a7397ac5-220a-450e-9aee-e07ee022dc68
Dmo,37,CA,Austn,58696,7264652447,fd4b740a-f039-4850-ae76-7fef55391360
ADM,28,CA,Austn,58696,6275098026,0d4477de-ce03-478f-8e5a-67cee08a24c3
VVm,21,OH,Akron,44301,6689770233,a77711a6-8dd1-45f8-929e-86b48a57147e
wFw,34,OH,Akron,44301,3960727054,e1b82eb8-ce13-45b2-9f45-75b3f7c44e70
wNA,66,AZ,Mesa,85201,7248941221,5435df32-f3b3-4d2e-9f61-f812872d896d
TSL,95,PA,Erie,16501,3231940487,29d3d62a-5e87-499e-a919-95560b4dff62
IFT,77,GA,Macon,31201,1091641576,614bc458-bf05-4e71-b998-f078f8df2b04
SVa,49,OH,Akron,44301,8378186758,23fc419b-a7e8-4033-bcdc-127d543703e5
JOE,16,FL,Tampa,33601,9246742669,41cf12e0-a18f-4418-a359-b1c61916e5d7
SUU,87,PA,Erie,16501,5709258413,ded6b098-5caf-400a-8cf3-a00550ecaeca
XAt,35,PA,Erie,16501,7162722458,663da473-74d0-4f9b-a772-5ee4b1365ed0
Bzv,98,AZ,Mesa,85201,8267017749,2b04c7b6-335a-42fe-a50c-6a39591c9b85
Hvs,20,NY,Austn,58696,9786863285,2dd0f5fc-2421-4806-80df-595da58b0cf3
YHi,28,FL,Miami,33101,4462167199,3adab297-207d-4f84-ba4c-096ebe0d7646
JOb,95,GA,Macon,31201,7113432765,9c0693cf-9043-4d94-ac1e-3ad91ff3b3ea
rnH,17,NC,Austn,58696,1640143864,e577bba6-45e2-4dd4-a370-5b437437bccd
yLG,24,OH,Akron,44301,6932221297,84b191e8-7121-432f-b949-8710725a662f
wvT,87,OH,Akron,44301,9397735716,b5583c20-c4cc-4eae-9367-41c418a29f93
tOK,33,GA,Macon,31201,5555316447,1bcabb19-1c52-4153-88a7-200fae99fa8e
CED,31,TX,Austn,58696,8830008290,255b2d0c-4657-4784-8237-c7407ece572c
Xlg,61,NY,Austn,58696,6104089555,61c35ed0-98b9-4ca7-9de2-330cc2070aac
SsG,37,OH,Akron,44301,9041606404,aef14730-23cc-4183-b268-5853ab799464
GYr,92,OH,Akron,44301,2492224910,9fc7c883-6281-4c5a-9bc1-d7c160b7e6aa
wMW,93,FL,Miami,33101,9053760344,3933956e-943f-4468-a4f6-c611f46b6cba
nwo,10,FL,Tampa,33601,4690511849,d6e6f860-31ac-4158-b761-9654e58f571c
Cfs,84,TX,Austn,58696,8028005529,7dd3f206-e9fc-4a19-a797-3597cf8506de
CSW,67,TX,Austn,58696,7383588046,37f3ebb4-b474-494a-94b4-4eefa58fd733
XYK,75,PA,Erie,16501,1102660051,2df977ad-d97c-4e4d-8770-c9bd16825677
QjV,89,NC,Austn,58696,6715793255,15d2b079-3497-4d6e-bf8e-d24eafde7a44
rPV,78,AZ,Mesa,85201,6909730887,1e9137fc-d3d5-4917-af19-0c0c1a31676a
nEp,53,OH,Akron,44301,5841622575,4b7d124c-5163-47e4-b605-e98d08621755
ubD,29,IL,Austn,58696,2393960137,f7901f20-b402-4fbe-9029-67e90891c93b
mru,41,GA,Macon,31201,8011112299,7cf392b0-4bfc-46d9-ba53-09ec6cf8c929
Bbi,39,OH,Akron,44301,9778288970,40a98a1a-a8a9-4ed5-9848-174a75358774
Cog,75,AZ,Mesa,85201,5920785378,7c2a09db-f801-48ba-a0ea-522eb2f476a2
WUE,89,FL,Miami,33101,9924449397,d8810101-0cf2-458a-bd6a-96285c8f0048
GZg,63,NC,Austn,58696,1040545059,6a90b469-b210-4839-bb81-0d0e91becfa3
igW,29,PA,Erie,16501,1737578229,cda178df-dd82-463b-9f3b-d1750bccb784
ZMJ,60,OH,Akron,44301,2286212802,25f0bac5-2828-4ee4-86ab-2a0dfa9b2716
EUV,43,OH,Akron,44301,5083169111,cd2985a1-5796-49e7-a52d-04003a9ad13f
SBk,39,CA,Austn,58696,5825495873,8c8ebdb9-5b5e-4ebd-b04a-8e56324babd9
SWc,57,FL,Tampa,33601,6262087433,ac655be5-55c9-4aa8-9c41-fd9de43d9b20
HUQ,56,GA,Macon,31201,1710236288,e07cc82c-e9a3-4737-acf7-949320ce8661
qso,33,PA,Erie,16501,7444388953,121105ec-91c8-4b6b-b393-ddba2643db72
jjp,54,NC,Austn,58696,3435773607,b6287ce4-d7da-428f-90a2-29175141e12b
lAp,81,NY,Austn,58696,7426175613,600d9922-af44-4322-b19a-fb63f767b513
HSB,38,PA,Erie,16501,3483672743,8b55bc35-ab54-4487-b9bb-f970662169f5
Qut,58,OH,Akron,44301,6594336734,7300524a-522f-4d1c-802a-d388ffa49140
vxZ,88,NY,Austn,58696,6927503465,d710abbb-d983-4025-9de4-02381b386022
fym,73,OH,Akron,44301,5618635421,3d0f1633-d558-470b-8f91-ba8bb9e70ffb
ocV,43,GA,Macon,31201,4881157658,076d5437-f512-487d-bd96-61c02b48782b
kLn,97,OH,Akron,44301,9549741645,39668765-46a6-4f9c-8370-03d482acdb7e
nLD,16,PA,Erie,16501,9226507167,acc01440-4c55-494e-85d0-6103d43edd4a
Hgg,90,NY,Austn,58696,6981437845,e929d408-5c48-434c-b398-7f97a8ee72c6
acC,75,NY,Austn,58696,7745683338,c2be71e0-2400-43b6-ba7d-f97cf93d7724
YFq,76,AZ,Mesa,85201,8467449712,35c449af-f398-4173-becd-f066462424e2
Qje,53,TX,Austn,58696,5091383533,6711fd92-2b88-40a8-8a6c-32d98865ec05
WTo,31,NC,Austn,58696,7550623876,d00f7658-a6d5-4b63-bf1f-cffaed889ea9
DnB,28,PA,Erie,16501,6186674610,d29ab196-f64e-4e9b-a2b8-028e21c90096
fui,47,CA,Austn,58696,8233062910,7d87bcf7-220e-47cd-bf70-d13b9ed7583c
moY,11,GA,Macon,31201,7061557892,0cc0bbbb-dd35-4e3b-8a9d-73e4476648a0
yWt,34,GA,Macon,31201,2041496582,e187c976-c7f2-4876-a967-36f2214b55f5
bDa,17,PA,Erie,16501,3653331479,ca17d925-dbb8-4f69-bb1e-2d296cc76de7
yuQ,28,OH,Akron,44301,3729037847,2ccdafc3-6791-4ccb-9f40-94ac741e8d50
Mpu,87,TX,Austn,58696,2391799716,0338d03a-6594-4017-9508-077c731cbf4f
CzV,28,TX,Austn,58696,5365148549,026846db-0190-4bf6-b795-6e06093a38a0
ZRu,43,TX,Austn,58696,1495419334,21d31109-bb90-4ce1-a29a-f2db9b6c4531
fmx,71,FL,Tampa,33601,6082884535,ad6eab0c-8703-4b21-87fc-c8c9775b7b5c
iIv,94,AZ,Mesa,85201,7372317410,e9e6fe8a-a6f3-4185-9864-13218bfe1f3b
kEo,80,GA,Macon,31201,5745023536,142c2af1-e40b-4d3a-9b6b-0135c00e0f65
Wap,65,FL,Miami,33101,8045934949,30eff9ec-b5d2-48d5-8c64-28a1b02a1eaa
zcg,79,NY,Austn,58696,2742770701,aea236d4-e620-4339-bb50-b2fd36d68c6b
LAY,60,NY,Austn,58696,5728388741,36416c7d-d0b2-4877-a778-23fc3310203f
wnX,70,CA,Austn,58696,9332484338,16e6f687-3c9a-4053-b856-5600e1d49473
YuO,89,TX,Austn,58696,2032667653,778d2d3c-45d0-44ae-9dea-efa3368f42b5
gLf,73,NY,Austn,58696,3032423023,171dd3c9-aa25-4334-9d87-80018fe54501
Hnz,38,NY,Austn,58696,3641876034,72783418-788c-4fea-ac82-ff7eaf7e52ab
Zmz,41,GA,Macon,31201,8176330553,a306e556-951d-4538-b45e-5564af68f20f
oGf,18,IL,Austn,58696,6172588261,f7c78d95-031b-4e62-a935-be15888e5575
eHv,10,FL,Tampa,33601,7066709166,61541823-3277-435b-ae81-c5588a3c4e12
Fiz,50,FL,Tampa,33601,4825346311,8b7cc5a1-4eb8-4e49-ad9a-8bba2e3c917c
VwU,68,PA,Erie,16501,8257286778,d8b5017b-8133-462d-836f-7fee7cf36751
sZx,60,FL,Tampa,33601,8125618199,f5d7466e-8b05-4abb-bb11-b9a07f9fd9e7
hkG,16,FL,Tampa,33601,6904948035,3f651d54-b843-4dfb-a1e6-701bc0fd0e4f
Skp,60,CA,Austn,58696,9907112712,5d222df1-f87b-4f1c-8ecc-16fa6615809c
ipI,45,FL,Miami,33101,4333930302,ab6cae5a-13e3-4be3-a96f-a9172c07330f
uEh,33,PA,Erie,16501,1716837526,20eec64a-128d-4fb6-8514-e1f9708b4301
FQs,57,NY,Austn,58696,7554669982,219750a8-03ab-41eb-8fc7-1583b4852c6a
uYS,82,IL,Austn,58696,1303844187,b0e5c40b-cb5e-4aa7-b353-62612f7f38d5
wLl,53,OH,Akron,44301,8696297892,4e5ac67a-b085-402e-94e0-3fb13490579a
lwC,71,NC,Austn,58696,6976107337,72527f73-bb15-4aa6-9b21-343f0b48811f
URU,40,IL,Austn,58696,7858339091,2788f0fb-4dfb-4377-ad6c-4f3c8ac28365
gZR,44,CA,Austn,58696,1669546372,1416feeb-b110-4288-aff6-cc5253618e62
gbt,35,OH,Akron,44301,5951917723,df3765a9-0a86-4fa6-9e7d-bb2a70aaacb6
SDF,75,AZ,Mesa,85201,5673259718,35dac0ef-af15-411e-bd69-e7705a3bd0de
VaO,92,IL,Austn,58696,9666214524,72974f62-97f4-4fe2-afca-a6e507bd6429
RqC,39,OH,Akron,44301,3222803475,a3d6489d-3ab1-4a66-8034-4bbb71d1ab1d
Ihi,16,OH,Akron,44301,9772412110,534b3a33-9622-4f19-976b-94416534c490
edi,33,GA,Macon,31201,3732846571,bcc41540-35fe-42b5-9467-32702f6ac629
yNt,85,NY,Austn,58696,9028174689,ebf9cda4-78df-4193-82e1-8e9b977161fe
Pub,97,AZ,Mesa,85201,8729269805,b91a156a-0de4-4abf-a7e5-6295ea58a6b8
OWu,30,IL,Austn,58696,4320889339,cf196c00-319e-4670-8c08-f2754e0caa44
NmR,88,OH,Akron,44301,5996593302,752af4b5-bedb-4cd0-ad5c-a370986d321a
jRo,78,NY,Austn,58696,5333328698,339c39be-4b4d-481a-afe8-c926f981326c
lzx,46,IL,Austn,58696,8835183609,742c4efd-a58f-449b-87a4-ed064f8d1233
dOd,53,TX,Austn,58696,9896514638,c99a8df5-6d68-4e8a-9267-bcc0e3154142
gVh,87,GA,Macon,31201,6244915318,ccb9e20e-c05e-451f-8767-516a02703d42
WRI,81,AZ,Mesa,85201,8395683722,bdd23399-c1dd-4557-8083-4ba047aa51ce
VJQ,13,OH,Akron,44301,2332691531,cd0eca9c-67e6-433a-b6b7-c0647eea0608
PMb,68,FL,Tampa,33601,3840983130,4f147233-e856-4757-abc1-f51f6a9ec9f9
JnR,51,NC,Austn,58696,3363691092,b77cea6b-fa1e-4603-bff9-1dbc085d93f8
EMj,10,PA,Erie,16501,8096322172,6753c01e-6439-4ce2-bc34-3ee79a6e6bd5
HWM,52,FL,Miami,33101,6148910296,15a97bff-4733-4924-8ca7-69bffc32ac11
CFu,44,GA,Macon,31201,4158164985,008d4630-890d-4f33-9888-fb84c0b666d8
zVc,10,IL,Austn,58696,4454590060,f80a892e-8366-4312-a0a4-15181bc8f224
BTP,90,AZ,Mesa,85201,8097641976,1bae3e4e-9f56-4ed3-aebb-00af25e9c21f
Teu,58,IL,Austn,58696,6179966209,e40e3680-35dc-429b-b095-23a051719dc7
UkD,67,IL,Austn,58696,7984627237,b87dbd5a-a2b0-457d-934d-e8ed7eef63ee
pyl,23,AZ,Mesa,85201,4005073282,6b681d36-8062-4e65-bdc0-9bb190e69136
DfV,80,IL,Austn,58696,4873787483,eb68abc4-02b2-4db1-9ea9-a0acb2a49061
Atw,87,NY,Austn,58696,4340501874,564370ce-48b4-45c2-985c-6298bb8806e5
VeY,25,NC,Austn,58696,7921648803,c0d50a8c-b5db-497e-a3dd-e9e681995abf
YwS,51,AZ,Mesa,85201,6818033736,d631676d-b8ae-4dcb-9c86-89a48b8e4582
SjG,54,NY,Austn,58696,7959158389,8efe3767-eac3-43dd-8ce7-0bfb0e8afde5
fdv,89,CA,Austn,58696,2103143082,36df12b8-4be0-41b9-b1e2-afa5f7a9c49f
OiT,30,NC,Austn,58696,8101192336,c81d7f4a-e911-40c4-a36b-b888ed214a43
cOP,14,IL,Austn,58696,2638525837,59d8048b-a396-42b7-b0a2-1b89c96e2ef8
roR,53,GA,Macon,31201,8513004751,be7413fd-f505-494c-9e1c-958a8f0a605f
Ufx,20,CA,Austn,58696,4544262074,000bec64-a729-41ba-bccc-d31a6bec99bd
wSS,49,FL,Tampa,33601,8714910554,10647836-4c2b-416d-8979-32744b773bde
RDr,52,OH,Akron,44301,7928814487,a9deb2ea-d962-4ffd-8b7f-0db9d845ea95
zSg,49,NY,Austn,58696,3750010625,ca2ce63f-ce8f-4cfb-8e8c-7552efa33bce
iwf,67,NY,Austn,58696,6644077325,026e1c4e-f2c9-4bba-babc-cd64b5ef640f
CoN,20,FL,Miami,33101,2542060432,7ebde89d-beff-4743-b98d-a1ddfb8dbe01
Rmu,29,IL,Austn,58696,7306396260,134324dd-ad82-445a-ab96-dcc46d22b104
MYQ,72,OH,Akron,44301,7148087217,7df5f7af-ffc1-48bb-bc6e-63cd65f88cff
has,56,GA,Macon,31201,5056364828,d767e977-e0b0-45c8-8c22-3e619bbd075d
LFF,36,FL,Miami,33101,2692398177,5ab7e06a-ba27-41d8-a498-9b9fa4f93a04
XZI,94,IL,Austn,58696,8849500715,c28813b1-3a90-4553-b413-483621c562d9
JFL,82,OH,Akron,44301,8957506714,6497a7a0-536e-490b-b236-7c5e31ee7285
EKA,82,IL,Austn,58696,8808714287,a92a024f-98eb-4b94-9b88-f3b30e9d4223
lUq,69,CA,Austn,58696,8686294467,e2febddb-fa95-4490-bf2e-9966907333b5
crl,23,IL,Austn,58696,3865268906,007e3375-d493-4e45-93f6-08f21628b8a2
UVG,67,CA,Austn,58696,3664439114,31d6d7ba-e06e-4a42-9879-decce1bfbb86
Rnw,18,GA,Macon,31201,7087459684,22413908-d553-413d-8471-720858b08414
CWk,80,TX,Austn,58696,7081735634,d7389ffc-5b31-41b2-8b16-eed6113a44d8
DYY,15,IL,Austn,58696,4638987653,c0875ca1-2c63-4ffb-87be-a49219ca6e32
RbE,65,CA,Austn,58696,9360396245,60e5f7e3-9f8f-4770-8ef4-224f78695de3
MlN,83,TX,Austn,58696,5970369030,7fc54320-f725-42dc-acad-ba2604e902c4
eun,41,TX,Austn,58696,2777486189,5d74fe86-54bf-4a46-b46b-6498e6e77459
NYI,99,PA,Erie,16501,3420529453,70a4cbfd-bf19-48bf-b703-00119621ac77
Bmw,80,NC,Austn,58696,6587964122,237e06e2-4c7e-4125-9a19-44ed2c8ddfc5
iYn,54,OH,Akron,44301,8971043984,b80e132f-e8f7-46a7-90b8-476dff87f0c7
eDm,24,PA,Erie,16501,2853169130,8e13bd4f-c25e-43ee-a5bf-00d2b2f6b149
zaV,68,CA,Austn,58696,9392117014,6e25a796-ab47-4ec2-9e23-f4c83cf060ec
KZi,57,GA,Macon,31201,5444130162,c27656e9-c74d-4bba-b815-84a9e5805dcc
baM,18,CA,Austn,58696,2041896763,784716f7-911f-4953-bca8-197eef6daeb9
NEi,93,PA,Erie,16501,8637860002,778a51c8-7d62-4d87-b677-e894eae14c02
NdF,64,IL,Austn,58696,3630220785,af531ee6-aef3-4672-99a7-b1ad14157101
MUJ,53,GA,Macon,31201,2864818394,03ad3f3c-08af-48ea-96c0-eafa1454449a
wsU,48,TX,Austn,58696,7960416301,573d71c0-6ff3-47e3-9281-e28e076ddb0a
Dbx,31,NY,Austn,58696,4996160028,6f0e2ea2-d68e-4d08-b7dc-11d91b3e55f7
BuD,23,TX,Austn,58696,5595770222,9e48eeea-aaff-491a-9265-e83269c17811
Vaq,43,TX,Austn,58696,7598422573,d360df7a-a084-4612-bd85-70d662ab6358
zOD,49,NC,Austn,58696,8334747930,57d58e86-0e5b-4b89-afe8-cf7e30de9467
SFD,72,PA,Erie,16501,4092758753,1cfaf34a-0b08-4ede-9a3b-d3fc6e0b2aa6
PbI,14,IL,Austn,58696,7029565858,02085859-7968-4eb7-a3e2-296d70df9e5d
qEX,52,NY,Austn,58696,1528593356,0f5ff81a-b533-4907-a9cb-98f0d8c6b702
DLr,15,NC,Austn,58696,3393407736,e80ee49e-1166-4822-93cd-e1860f0738c0
FPx,37,PA,Erie,16501,6604493687,d6010698-7e41-4824-9785-e3926cd55811
fKW,42,IL,Austn,58696,4303733811,fef6a8e0-23d0-4e78-8e6a-23542c34619d
LxE,43,PA,Erie,16501,6450498242,3e99af25-1b03-46df-b72e-6fe783de1217
iII,67,GA,Macon,31201,8622675203,c81a8882-1d27-4225-bbb1-0dd28b4dba61
jxi,74,TX,Austn,58696,5966802026,79f064aa-2c14-4b30-851c-ac0043e6b09c
GGK,70,NY,Austn,58696,3590688779,2f745bce-2a93-4e03-9274-58aa469d773b
NXC,98,NY,Austn,58696,7997946282,4c45b294-f634-410f-ad48-cda2d7988171
Vmy,64,NC,Austn,58696,4040028393,384e3977-60b7-4d10-8c41-03d41ffd5fa2
hwI,18,CA,Austn,58696,7572627062,6773b4e2-cd17-46e5-8c4d-9073ee65e387
QvP,61,GA,Macon,31201,9106232502,082d24fa-705f-4d42-9f0e-c01819d3766f
fqs,20,NY,Austn,58696,9604737553,d5c0f58f-42fe-4a39-a395-11a8afe08f83
zXO,23,AZ,Mesa,85201,5723116734,b2c5a811-f471-42d1-bc47-a081c33b23ac
gSj,83,CA,Austn,58696,1870821458,91892ce9-149e-412f-95a3-7bb9703f5247
JJf,30,AZ,Mesa,85201,7698364699,5557da3f-3f3f-4dcc-a106-5b9f4ef80fc0
Qhf,17,IL,Austn,58696,7116161845,c39bd480-8f65-41f7-aacf-a066dca1f6b7
CgT,47,NC,Austn,58696,6830235563,812997da-b814-4ba2-8cc3-31fd65436f39
rtU,66,NC,Austn,58696,6039367885,fbdc9db9-8a6d-4932-b9d9-8c7223a5e3ed
wtW,75,CA,Austn,58696,8786131159,c53507e9-cc4e-43ff-9322-bf88fe914cb5
miS,84,TX,Austn,58696,2996492093,c1a379ae-1392-4e39-bf26-475237f1b117
vws,41,AZ,Mesa,85201,6319745964,f18a067a-ac88-4490-9067-7a7deb281b43
dwC,43,IL,Austn,58696,4945302175,9baef1bb-caa7-4301-ab3a-0a96cbd97c9d
aGu,50,NY,Austn,58696,5990505569,45087edc-fddc-4ee6-9a7e-278fa933c9ae
SpZ,91,FL,Miami,33101,3797718659,8ccb2b0e-c5d9-4697-8689-a3b960c0765a
sZW,74,AZ,Mesa,85201,1826286685,b1325b5c-9474-43db-9436-b94f29740510
avB,78,OH,Akron,44301,1780169718,c3da4f7b-edb2-4608-8426-87821c13986e
Tll,43,NC,Austn,58696,9650283037,7778d6a1-8f0c-415a-80a6-745be4abbc0e
oxT,93,AZ,Mesa,85201,2375178303,b8ebca31-aec0-4c0d-ab35-ac830ab72967
oxJ,87,TX,Austn,58696,8673063434,64f03424-d9d2-40e0-bfc5-a0abe6eeff72
olz,74,OH,Akron,44301,3613121799,677747b5-7e59-44f6-961a-e8341a1809d1
BMo,45,GA,Macon,31201,9538526522,99601d1a-5fc3-4c8c-8bfc-f778f66f3fd6
Vro,24,GA,Macon,31201,4103396862,d2bb754c-edd8-48b7-b20c-f0f675cc252c
VIy,33,GA,Macon,31201,5075906541,46ffd712-e9b2-42e9-b1a4-de313cc2b47b
JuK,22,IL,Austn,58696,7662029829,85b952b1-c12f-49dd-ab8c-8dcd99f0dd6e
hdA,31,AZ,Mesa,85201,3967689533,986faa85-7e24-46f9-bb88-d05212f27214
Ziq,21,OH,Akron,44301,9430766228,4b985799-55e6-47a5-808e-e01096fb785f
gbo,59,NY,Austn,58696,2437217503,1a31fc85-11ac-450e-bf30-13b414c54e26
FKc,45,GA,Macon,31201,1662853735,7e693f1a-fabd-4f19-ab25-31fd72578674
PfX,93,TX,Austn,58696,3412591960,4f5451bf-26ca-407b-9cee-d2dfa22d7177
OyL,90,AZ,Mesa,85201,9226921232,897e4268-b3ec-4376-824e-6013befb1e5c
uid,48,NC,Austn,58696,9988378280,3dfd1837-edfc-4ba1-bfec-cf5bd163a9ac
YkU,52,FL,Tampa,33601,1338430923,6a9684c7-8eab-4abf-8ab0-f68a14d66194
QCU,20,NY,Austn,58696,2515988297,cf9b09e5-c77c-47fb-a28b-0cf3ba27c5cc
EIY,44,TX,Austn,58696,2002157434,885c25a3-555f-4b2c-958f-3e9842ad969b
MAE,94,OH,Akron,44301,3667002257,f9b8de4c-1ecd-4b70-aa06-bb376a953007
zDO,69,TX,Austn,58696,3856125081,e25632e9-f3c8-4246-8eae-4cb296922fd8
huR,67,OH,Akron,44301,7612540702,e334ba58-08f0-47f3-b988-4a95da15fbe8
tTG,55,AZ,Mesa,85201,4454654520,896665b4-9c68-4901-9478-7e7f05eb4151
wbU,16,IL,Austn,58696,5661408952,678fd9f9-e36b-49fb-b6f0-7e4acbe1174f
GpQ,83,GA,Macon,31201,1284251888,bb45f8fd-bc75-4380-bf80-e0c1723cda62
KPL,11,IL,Austn,58696,2660711953,25acda85-8985-43cc-9ffd-97cc8e366e66
XTZ,21,FL,Tampa,33601,7335010339,4af93806-b913-48fd-94a8-ac69bc5ed8aa
Clt,80,AZ,Mesa,85201,3217321599,cda6b281-adf1-48a1-b865-5d45aa9c6071
FuZ,86,GA,Macon,31201,4224009357,7e511ae4-f534-4185-b246-54e96cc072b2
EfH,58,FL,Miami,33101,3757116179,2b45dc83-ca48-4d09-921e-1c059a66b9c4
qmy,76,CA,Austn,58696,5449071114,0fdd70c4-02e3-4621-8455-37448fbec390
Ijs,38,IL,Austn,58696,5126546486,2d5801c7-ffb4-48bc-ab4b-3639b280e14a
lmP,48,GA,Macon,31201,7244165325,e8a80cbf-3584-43ca-8cdf-77b8c0e6e756
WLb,25,OH,Akron,44301,1368730412,4da3e073-9858-49aa-bc39-e81db846b9ac
uAC,48,IL,Austn,58696,2380980611,885f82b0-a195-4a6e-a6d3-49a0f3d5042b
ARm,59,OH,Akron,44301,7395116595,0a19e9e5-a16c-4ee0-ba7e-aa523902f9b7
nUn,47,IL,Austn,58696,7393288820,eb486147-e905-440c-86a6-4986951893ec
ZnL,25,GA,Macon,31201,3563116994,cdb06fdc-36f4-44cb-82f3-2fce362ecf17
dxV,27,FL,Tampa,33601,9196738846,1a022dfa-e6fe-4426-8ff7-19276cff28ce
EUx,84,AZ,Mesa,85201,7971912891,02edcaaa-6702-45a9-9f2d-2c556656d353
RHL,31,NY,Austn,58696,9998361307,9bcf876d-7ee9-4612-9ac6-576173684044
gzb,42,IL,Austn,58696,9259891303,55a36422-3e2e-40bc-861c-aae9d8b7e386
iAs,39,FL,Miami,33101,1323661304,e9aa44a9-15b0-4aca-8e44-c3dd8e0bbb54
xgA,86,IL,Austn,58696,2438625819,e067d4b0-b54f-4019-9fa5-58be4a7a11b7
AvK,84,NC,Austn,58696,7489160736,ddfc4b5e-f606-43b8-a4e7-a9f618577be9
auK,10,OH,Akron,44301,5492194767,6a2eb24e-e27f-4a65-98db-023d1bf79411
mtt,56,NY,Austn,58696,1760059613,8efd7953-7b4d-4760-b9cb-6a7c79cc743a
kxc,63,OH,Akron,44301,5080573634,3762a9a0-1832-49e1-9efc-3eca291a73f1
EUs,66,CA,Austn,58696,7734921206,e335dd9f-c1b0-4d0d-8e71-48fba9a95a54
NdZ,76,TX,Austn,58696,7715466630,7286bad3-4abe-45f3-af93-c736736105fe
MVl,11,IL,Austn,58696,5513263623,20cfa843-4b65-44bf-94fe-5ffdcda89191
ucY,46,PA,Erie,16501,2328947448,2ee44ace-d61c-45f2-94c7-8567c466ce9a
XOY,68,OH,Akron,44301,4506793228,2517dba8-9fb3-4167-b60f-c06e6c85c4d2
xGX,44,TX,Austn,58696,9240297154,fff717f8-65e7-44e2-a80b-4cb60d047c53
vfP,40,GA,Macon,31201,9290130552,d46f5ffe-b7d0-47cd-80a2-53f201472331
GUH,85,GA,Macon,31201,3629328335,89e36f42-c0eb-4503-881a-8627e593a5e0
XjY,89,AZ,Mesa,85201,3511318957,f855dc30-396a-42ba-b3e9-37421a8224c1
CnS,10,NC,Austn,58696,3058010351,54cd4c41-1ae7-4883-b1ec-7a15a2ec6d93
xvt,79,AZ,Mesa,85201,9627107830,1a069c84-6962-46f3-aae4-adbdfa6d3276
TRH,81,CA,Austn,58696,3527452334,c58e90dc-c2f4-4580-9e58-4fd66460ca27
dMa,23,CA,Austn,58696,4787807003,8918707a-87ac-44ce-aea1-48d202aee8e1
nAc,75,OH,Akron,44301,3742269441,ddbf61f4-8dd0-496d-8e57-dd2258879e29
vLb,53,FL,Miami,33101,1620941640,3fec25c1-4dab-4329-9b8e-ca43ff80c3cf
sDl,25,OH,Akron,44301,6037611686,4f11114b-6041-4c95-9f8b-fd809776f3a5
nYm,88,NC,Austn,58696,3284793034,52e4e967-9bb7-407e-8cb4-b6bef935fd2b
hiG,92,FL,Tampa,33601,6856031685,8e9670fe-a995-498b-9e9e-0524b9840033
Ion,66,NY,Austn,58696,1959750075,97c2a08c-f890-4721-a08c-67341d84d1f6
Hah,54,PA,Erie,16501,7782980137,79947b8e-f237-4cc5-97e3-e37516418ebd
icy,23,GA,Macon,31201,1530132416,560bb48a-1343-44ba-b350-a067e04f9ffb
HLy,47,PA,Erie,16501,7166077076,0dafdd2a-b689-430b-b384-c84c15b858c8
xuO,61,IL,Austn,58696,1772439874,1e4e098c-ecd5-4158-aeb6-217349b64b03
vYK,23,NY,Austn,58696,8975282513,775fd254-b821-49b2-a3d0-7ddeaf02cb4b
vNk,24,TX,Austn,58696,3371600370,9e185417-3b1b-4101-b64f-d39526c37e97
stV,30,GA,Macon,31201,4456252333,f48772d4-4ef8-4498-afb6-8222639637e8
NRq,79,NC,Austn,58696,7143577530,4695b27a-2787-44ce-bdbe-3268c07aa337
wnZ,97,TX,Austn,58696,6143834773,51bae20b-e8a9-4791-9c1a-f8491aa4dfbc
RuK,64,OH,Akron,44301,7527259806,e09c63d6-a1f0-4219-b14f-b66576335db1
qTL,39,PA,Erie,16501,2774358612,b98d3bba-7170-4bab-9ed9-cbc9e1e5fd6e
zXx,74,OH,Akron,44301,3160337554,8025b761-7476-44f3-abc8-edfac550a19e
zXL,35,TX,Austn,58696,8669974950,717f07e5-cbee-4085-bb18-640c35850f4f
pdD,76,CA,Austn,58696,9466161369,d0e39c7a-31b6-4b29-ae21-c4104c40a046
PMO,21,OH,Akron,44301,6720346354,9e2e33c5-d0c8-425e-8639-d1075725fcdc
gQN,13,OH,Akron,44301,2880465173,7a251fdc-ccdb-4abe-80f6-fd8c82cf9f42
RBN,90,OH,Akron,44301,8127248866,f7729bdf-448e-46a5-9522-d2893bfa99cd
Jic,92,OH,Akron,44301,7659301817,82094de5-36fd-4e92-a7ee-04418552f0d4
dWI,22,NC,Austn,58696,9519432458,21412783-c279-45e0-abb5-e071cfa30b0f
JCL,25,NY,Austn,58696,3348834112,5426cd65-2527-4183-9236-f370ad8aa3c2
MJx,94,CA,Austn,58696,2746055526,7173a24d-f726-4aa1-a715-aa72f10f2b34
kmm,37,FL,Miami,33101,5385865402,cd54ab99-fa0e-42d0-8d26-632899057b73
cPO,92,PA,Erie,16501,9535280519,798f7510-aac7-43e8-a48c-9da73da4e707
FMs,17,GA,Macon,31201,4214587583,c484df2c-2458-4f28-b6c5-4d2406850c39
GQX,79,OH,Akron,44301,8838713416,427119a4-0ff8-4f60-926f-ec374fae61c3
cMP,96,FL,Miami,33101,6623961327,9d5d08ea-d6b0-4cab-b06e-0944efe12405
oKe,91,NY,Austn,58696,4248731166,65ac2dec-7a78-4e3b-b5c6-adefdbc2be9b
Btn,62,GA,Macon,31201,8477759778,c8c99da5-2e43-4e1d-8d21-dd9b2f756e31
dpM,30,PA,Erie,16501,8011879906,cbb03363-168a-47ce-9e4c-cbd534ed5d94
EbN,22,CA,Austn,58696,9354513729,18e83673-029f-4b0b-bb59-37e2e3181e84
qNe,27,GA,Macon,31201,6943432399,1985bcc0-cb0f-4009-a038-5827a8e596a0
EBl,13,CA,Austn,58696,7610006219,57aeb078-38e4-4154-a9d8-64c5beeaadf7
mSJ,59,FL,Tampa,33601,7911496413,27f7e677-7a26-4a6e-963e-ff5dc81760e7
WRF,65,IL,Austn,58696,6053191344,5bd49c81-7013-4f6a-92ae-609b993434c8
Mjq,92,CA,Austn,58696,9581484583,d9a47a0c-ad17-4954-87ad-1a8a5afff9ab
HXr,30,PA,Erie,16501,5554841747,28fa9eb4-2dc3-4b17-bc31-3da2463a0feb
qRt,75,TX,Austn,58696,2394400658,7d399b82-b262-4711-8530-bcba645968d7
OBm,96,NY,Austn,58696,4734269243,7787282c-66e2-4467-9dd7-735b6d136cf2
OVS,59,NY,Austn,58696,6550863795,ae390136-f095-4256-bc80-6d630a85f980
FfT,42,IL,Austn,58696,9297487421,069f5ad7-89bc-4757-b3be-01748bfb1aec
yDa,39,OH,Akron,44301,9872950692,d9dbf835-e175-4983-a97d-16839b071389
fFj,60,GA,Macon,31201,9818439603,3ad1abaf-5bfd-4177-b51d-9d86ea21e3eb
WOG,53,OH,Akron,44301,7222851177,e0248e30-4b59-4904-84df-a8cb9fc99a45
iRz,44,CA,Austn,58696,5725558522,d2cb3376-ca9d-46f4-91a8-7f8824dcf724
YSZ,45,OH,Akron,44301,2972944627,aa45b38e-95bd-44dc-ac34-bfe7b9fb71fc
PEy,10,TX,Austn,58696,5905718867,7da5b7e1-388c-43d1-a73d-94bc95dc52f4
wjc,66,IL,Austn,58696,2803048444,f7f44eab-7709-4cf3-a70f-bf1a3181ef39
rWO,97,CA,Austn,58696,4510374027,b264c476-548c-492a-b39a-a14e1aba3815
sSo,32,GA,Macon,31201,4631235070,88a55465-5243-4174-88bd-2f6c9cd60ee3
aHA,80,OH,Akron,44301,8219134327,103c8272-abaa-4f9e-a3bd-92adb00a7c0d
Uyv,97,CA,Austn,58696,2324485402,8cc2f399-d042-4872-a6d6-9fddae4f86a6
oCO,72,FL,Miami,33101,5238492536,67fa4760-b20a-4e23-bd69-badf2c1dd3e6
mxC,69,GA,Macon,31201,7578516277,d1b16dfb-8c7a-42bc-a6e5-e87d102c1c78
rZw,44,NY,Austn,58696,2528278245,b87ece3e-a415-4dd3-8590-5b20e91f60a4
VZM,51,TX,Austn,58696,7581060579,980ab5a1-e73c-41a2-bcfb-9b66eac90842
fmm,48,AZ,Mesa,85201,3609940575,810a3acc-05e0-44a4-84ae-418c8ad9c975
ngq,68,FL,Miami,33101,4095457210,14bd4963-b7d2-4ad9-a410-15912a907c9d
XOF,43,NC,Austn,58696,4644195896,511cfaf9-4786-446f-8baf-b9a5cc4b0059
RkT,51,NY,Austn,58696,8162791827,399b6745-363f-412e-9d1d-df13bda42c07
VXk,86,CA,Austn,58696,7396647331,5dc222fe-fe5b-4e35-8f46-a423ecca1fc4
KqR,80,GA,Macon,31201,1980121567,0d597016-99fb-47ae-a744-8d2a195cc86d
jTt,76,OH,Akron,44301,8889544431,8ecab4ef-7330-4655-9ace-f974d38df1b0
vNX,76,OH,Akron,44301,1609033707,15d4920c-89fa-46a0-a846-1d99f4829009
nqJ,79,TX,Austn,58696,2098167246,39ecddc6-c84a-4ec3-b4c5-38bf7210716c
BiP,35,FL,Miami,33101,7027009661,fe1861bd-d242-44b8-965f-5ea7808004e7
GKB,95,CA,Austn,58696,9143768390,020995b6-27d4-4a47-af56-111c944883f4
MEU,92,IL,Austn,58696,9068230777,a102cfd8-1cd5-473a-b624-db7e97b8981f
UeG,48,NY,Austn,58696,7619114114,5873ad24-b4fe-45d0-9c33-0b7063c73873
OUt,78,NY,Austn,58696,8155595940,6285a9ad-92d3-4be1-afbd-c6c100d80a34
rDP,32,PA,Erie,16501,7392916747,47660625-abc9-4f07-985c-a17511131496
GOX,74,NY,Austn,58696,6267626093,007675ac-7acd-4f24-a937-81a1ebbaaa28
VKw,59,OH,Akron,44301,6362077674,1039eff7-8ebc-4c77-b4e0-d50aa8038f1c
fbC,51,TX,Austn,58696,4637027567,2c404378-446f-40b7-b30d-a7b2662f2177
HJI,39,FL,Tampa,33601,5401308881,f3767ddc-7315-46f1-879d-0e772d01d99a
AAm,66,CA,Austn,58696,8413817756,716ca064-6db9-4677-b788-00fea78229cc
rlr,71,NC,Austn,58696,8889094644,648cf9bc-6292-43ef-bc4d-2a64bc397e3a
rsQ,53,GA,Macon,31201,4057323663,4a14f86a-02e7-4567-8a82-af53cae86328
Zma,25,FL,Miami,33101,8729328460,c5182860-2d29-4d8b-80e4-48f1688d2e61
gkR,27,CA,Austn,58696,9943911028,7eeaab35-465a-4d2d-8c07-25ebfc763af3
eeG,75,NC,Austn,58696,5753882870,4bcf22d2-8e5e-46c7-9f1d-da51e0d7f498
KVI,69,AZ,Mesa,85201,7630342122,1d012809-b295-404f-9f62-fe5228804c26
Ano,78,CA,Austn,58696,3385801091,99141f5d-f101-444e-89b7-985359be6d3c
GSa,76,AZ,Mesa,85201,8117187231,23b9a2d2-5246-4cba-be53-85e65f1ae6ec
jGe,20,FL,Tampa,33601,5343524335,57a867e5-1999-43dd-bf4a-a6a2fe16d819
Omy,89,AZ,Mesa,85201,8751944700,cdaa0c12-d6bd-48a2-9054-9b55b1bcb071
Pgx,50,FL,Miami,33101,7926111443,7132334a-9762-4c3c-8bdc-91545fbb9930
sqN,71,AZ,Mesa,85201,8976524671,3e5ff50a-729e-4e6a-91b8-b6b1d4f403e0
QRr,68,TX,Austn,58696,1440882705,e39b32f4-b271-4c56-8d18-2f8b2d53bc13
vJY,76,AZ,Mesa,85201,2820479129,c4030030-f97e-44fb-b3d7-6adb82a9be22
OJH,12,NC,Austn,58696,3776586407,c38bb047-0786-4206-8d56-fea2b3ab80f6
zTY,70,CA,Austn,58696,8347604972,3515131b-05ef-4232-b5bd-8bef1d36c8c4
Qtu,93,PA,Erie,16501,7003910690,13467b47-8319-4a4e-9bd3-32c6340f1441
Aip,89,IL,Austn,58696,5285026423,3624e348-7acf-438e-8d23-6519850c1dd5
Iuq,57,FL,Tampa,33601,6489458216,948a6564-0a68-48f9-861f-a1c1e926d1ae
WAT,52,IL,Austn,58696,6675197258,0e259b1e-64d6-4bb3-9aa2-2b1071e8d6b6
aRL,50,CA,Austn,58696,5133184352,495e57bf-4df6-4556-b0ce-ad14fc8fc472
MxH,74,TX,Austn,58696,2254264234,158ef4eb-9326-4341-9106-00c7205e6b0e
nQX,92,GA,Macon,31201,4113249539,6d9067b9-f4c0-421f-a703-8a4136bba43a
MCo,65,PA,Erie,16501,7033087484,4d403c0c-420e-4e66-80b6-1c30c2db8d09
qOJ,73,NC,Austn,58696,6911683792,94b24789-65f7-4b8c-af6a-98f81027a8e2
oNc,67,AZ,Mesa,85201,2738179228,8da35d82-0596-4e86-9e7c-3b519afc5241
npa,39,OH,Akron,44301,7654360545,e0520f71-233f-4f2b-94aa-ac6413992ffa
Wud,26,TX,Austn,58696,8244339346,13061122-1b4f-4b49-845d-b74c2d88ea9f
ugE,16,NY,Austn,58696,3869375417,be1f00f8-c9b7-49e8-99e1-0a8721d44e57
lAx,25,NY,Austn,58696,6289310619,5f9973bd-834c-4800-ba3d-fd22d81500dd
lUd,42,FL,Tampa,33601,5298656580,335adc08-f818-46e9-9c24-5f2f829fb6b0
dGX,96,CA,Austn,58696,6529837909,703571ba-965f-4b4f-b06f-cc84c05cfb19
oKP,92,CA,Austn,58696,4465326245,a49f4972-499f-468d-acfc-639392dd4359
aWW,16,OH,Akron,44301,4207864708,f10e7aad-c80b-4a96-b657-537a868c3242
HGC,82,CA,Austn,58696,3994810295,c097be80-1465-4e2c-adfb-7c3b639a7793
xYz,44,IL,Austn,58696,2063168500,66f9d14b-aac2-4378-a88f-eed3b24e42fe
cYB,62,FL,Tampa,33601,6547848081,b4204202-d723-45c8-9dab-78aed6259676
TiZ,91,GA,Macon,31201,4036328818,0319a20f-3b1a-4a27-aea1-7a1fc8487908
Lmc,58,NY,Austn,58696,4724951036,2143cc9d-6ea0-4739-8f6e-9e0a3d947cbd
Nqy,30,CA,Austn,58696,1161734869,ffc8adc8-d2be-47ff-a1cc-668c9989d9f9
ZWh,23,TX,Austn,58696,4242515195,10506340-6f9c-4d1e-99f8-dade804e4490
GhS,61,FL,Miami,33101,5873563156,0fc7e6da-7b71-4d2a-a1d4-b97f4f625178
JZp,64,AZ,Mesa,85201,5608192943,ae405362-57c6-4b02-9a36-dccbb935335f
tew,52,TX,Austn,58696,2009964627,7ff67a9f-3131-4aed-9a92-c51177356895
xQP,80,CA,Austn,58696,3298441227,d3ccfd67-babf-48c9-a358-1c21e92f0010
pWa,28,FL,Tampa,33601,3190880990,d3a43778-b3bd-420c-a19b-4eeafed1b406
fLR,21,CA,Austn,58696,7636384128,bea99f63-863e-44ac-be93-7447d7823e05
uyd,35,NC,Austn,58696,8992881280,76dd73a3-6460-4d6b-a884-5c50c42cf799
lVV,41,IL,Austn,58696,3347559135,2b91c0ad-e539-45de-bd9a-7f6e84baa1d3
wat,17,IL,Austn,58696,8321803713,e5690dae-7ab0-42a7-8cf3-3ab3006156d6
rxF,54,TX,Austn,58696,8155724093,8d03699e-940e-432d-af55-116582079b97
CEb,27,FL,Tampa,33601,1530874567,cf945c6e-f483-438f-98fe-cd95fd40a715
wkk,40,TX,Austn,58696,9812104997,0e2328b7-4477-4706-b71f-2b29ab45f746
CKw,70,NC,Austn,58696,8597258552,cc6444b8-6e75-44a2-9e07-aa4065b1ea89
Fld,63,GA,Macon,31201,1364501835,b274569d-0a7d-4d3b-b2ce-d22f1ab99397
hfB,96,GA,Macon,31201,1717003604,6aba640b-df78-4145-9efa-4f0031ef8539
uRX,28,TX,Austn,58696,7692366534,8a6bc434-2ef7-49b4-9557-013ca40f3495
AmL,30,NC,Austn,58696,3629879605,6f187dd2-3068-447b-985d-1692677f40bf
eCB,59,GA,Macon,31201,8579624344,fa80b705-7358-4c8b-93da-adbbe862e3e4
Ovy,48,NC,Austn,58696,4096165462,b220282b-c5a7-4d83-827b-c14a7c1af0ba
pRV,99,CA,Austn,58696,3252992193,ae4d5c40-90a4-4916-83dd-e5efa6c9e4fe
tMw,14,NY,Austn,58696,9530164271,9edee260-5af9-452c-a177-df99d3f156da
PvS,52,GA,Macon,31201,6026034633,cb9c04ec-cb97-47e6-b7ac-290f1213f767
nfw,61,CA,Austn,58696,7954092552,28d6d116-3162-4d99-8d14-84ff03e7278e
wkc,26,IL,Austn,58696,2151112465,cb4edcb9-4422-43f0-8818-a4df51ec7149
zeV,50,IL,Austn,58696,4960460749,704d2772-c2f4-496c-9b09-86ccde896f05
elL,34,FL,Tampa,33601,2528687389,f775eeaa-a70c-44e9-944e-668923b6c634
UJK,89,TX,Austn,58696,5931499193,aee3fa3f-bcdb-4b7f-89d8-aaead816502e
QtK,34,IL,Austn,58696,2667263119,9d653461-34e2-4614-a2ff-c2349bbbe857
MQk,32,FL,Miami,33101,7853303273,6e321396-b134-4323-aea3-8d9ee9d0fe85
ibf,66,NC,Austn,58696,8548107826,9b766d12-0d20-4908-b23a-74e975f6ca83
XQM,16,OH,Akron,44301,3196281952,af3fe378-2867-46d0-a553-e5675d1abaa2
jxD,64,NC,Austn,58696,2517750226,0dce25ff-a224-43c0-a948-00633405fb10
yjG,87,NY,Austn,58696,8030060275,281e53f1-0d84-4a3f-95f4-a5154dfb5cea
Zzm,15,PA,Erie,16501,8414339484,2ce64e30-334d-44ad-a585-d9b3b2f35e58
JNY,26,GA,Macon,31201,1752758138,74965b5c-8d9f-4f44-9c64-a38d937b5079
Ink,56,FL,Tampa,33601,7218185202,3c233d65-8a86-4bf5-9a8d-881088967b6c
ETl,86,NY,Austn,58696,8717816227,34b36bc2-27da-4b2a-bcff-17f5170f78f3
bCu,12,AZ,Mesa,85201,1846529803,b74b08b5-9a6b-4c1e-9bd0-bee5ab14422c
Xev,94,TX,Austn,58696,3743988861,014fc8a2-847c-492c-8ab9-e73737167f83
vxe,29,FL,Miami,33101,5052881752,da092f77-d1b6-48c1-9965-d5adb7f2cf6f
hxh,99,GA,Macon,31201,9101456394,7e0379fe-3a99-44bd-9a4f-f25fb30cf055
iuU,25,CA,Austn,58696,3843447491,450231de-8d46-4503-81e0-999d4ff54c39
FJT,64,NY,Austn,58696,3473129962,3db4a469-c329-4438-b736-65d56e356fdf
Wrb,44,OH,Akron,44301,2426176152,b0e4a464-e510-41ba-9713-2602b6dc342c
VQr,14,IL,Austn,58696,4678818205,2d682aee-29bf-44d8-b8ce-8012a2171fcf
prP,14,AZ,Mesa,85201,1631086026,038ac315-a531-4692-a701-737d8654f648
ZKY,74,AZ,Mesa,85201,6617440726,927a1278-a90a-4b3f-83d5-d35e3bf54e2f
mfF,78,CA,Austn,58696,3341878445,b8b3ffe4-ac64-43f4-8b84-56d1c98cb4c6
GCs,76,NY,Austn,58696,7745745801,4260bef3-1146-4531-90e2-0f54bcec9d71
Eao,68,NC,Austn,58696,9426903037,ed3f027c-0a11-408b-a03d-bf2a46fc1670
WPy,90,PA,Erie,16501,6346038962,0bf69e2f-9bb3-4933-8ea7-38b9ba4afb08
gzH,30,TX,Austn,58696,3149156436,1086506c-73ac-449b-82dd-6f59be13af9b
eJm,67,TX,Austn,58696,5761514031,5127be2f-c64b-43d5-abe7-626fb5538762
FZF,67,PA,Erie,16501,2112227497,8ba2ed30-7571-4864-9dfe-fbd37ff0476d
jmG,12,OH,Akron,44301,5196740431,9d8501c6-164e-4f82-bca9-bf96c509df7a
FYP,98,GA,Macon,31201,2110879861,d89c765f-9d37-47b3-af57-8fa14d8909c8
Lft,76,PA,Erie,16501,2871226154,553376ce-de92-41db-ada9-9369b1eda85f
CGT,68,IL,Austn,58696,3344498782,c0f7a7a6-e815-4db8-a7b8-1ab8747ba652
KwE,83,NC,Austn,58696,3560428278,7eb0811c-2847-4d3d-96d1-8bbae462947d
vAG,62,FL,Tampa,33601,2420212387,3b1e217e-b0fc-4cb2-8b78-7d0c840b8311
wag,31,OH,Akron,44301,8198565941,2d214186-66be-4d28-9d13-745916310129
kEI,26,CA,Austn,58696,6393756650,6cc504f8-966d-4b33-b74a-c60a3f7392ff
xPF,78,AZ,Mesa,85201,3871422228,66344a5c-a167-4a30-b351-02ddcc7b02b6
gqX,95,IL,Austn,58696,1940859572,33a0b5b1-f51a-42f9-a0b0-dbf134f6b310
JUk,94,NY,Austn,58696,5765730614,f8da175a-c092-4699-a05d-8b287758ab87
vko,58,IL,Austn,58696,2647826237,ef3f00c5-1b31-4b8d-9ffd-2ee65af07fdd
qhF,79,TX,Austn,58696,4238551155,b364d779-f4f4-4947-baf3-46f8b11cef0d
qwG,58,PA,Erie,16501,2814922740,fab0c0fb-13f6-4b47-9563-5efc2d09e4f7
IGR,40,FL,Tampa,33601,6277061883,56bff33d-ceec-4d2f-b726-db8c93a2bfdc
TNG,13,TX,Austn,58696,4451563758,45103985-8088-48ee-8538-f3a90688b942
jVv,30,OH,Akron,44301,6960532967,45869e96-5c34-443c-9b74-d0cb9c705da6
Ovo,95,AZ,Mesa,85201,6265831527,db55cf25-09dd-4bd4-9a99-1be6af6c48a7
OZC,31,PA,Erie,16501,9274812463,bec386a5-2aff-456d-811b-67073c09e018
wHn,41,FL,Tampa,33601,8059420426,49e52f07-018d-4c15-91cd-8cd449b483b1
IvW,81,NY,Austn,58696,1134914027,8e6524b0-8af2-4cd6-8b0b-842c28eca3f8
JQU,81,NC,Austn,58696,5620678283,1ce56b0c-e151-4b89-bfc8-91774ebae52c
PpO,68,NC,Austn,58696,7255978191,cdc0965b-fd6f-401d-98bc-7212daaa343b
KCt,84,CA,Austn,58696,5642756788,8187cb43-aac0-4fd1-84b8-b54a16873d7c
HlW,51,CA,Austn,58696,9807048715,c762933c-a8eb-44c5-9759-913a8ad30e77
UsD,39,PA,Erie,16501,6129404655,9d8a462a-89ed-4797-b096-dee6d0b5f22c
OqS,81,GA,Macon,31201,7438490308,ca9a55e6-7e32-4914-b362-d7d4005cd2c1
cKm,57,NY,Austn,58696,3181503136,fb505a21-9bb9-4fe5-9729-01f431d3ee4f
fan,36,GA,Macon,31201,3968320961,d133b6b1-9af0-467b-a7be-aa60789e1392
XdJ,27,PA,Erie,16501,1806688064,ec1be7de-0887-4093-87c2-45abae17bd49
Env,77,IL,Austn,58696,1889423472,6e141ebe-a1c1-4a93-9871-382d04f5ee3f
YGC,44,CA,Austn,58696,2666537291,ca94243d-4d3e-4395-950d-fee86508d6b9
Ham,25,OH,Akron,44301,2239773220,fcda7f41-fdc8-4d82-aea4-de55c43aaba5
HdI,10,GA,Macon,31201,4603903150,3d4b4f53-7ca2-471f-97a3-977484905334
KUN,29,NC,Austn,58696,2591542005,9c9c0617-381c-472a-af11-652d6aeb3ad5
bcI,51,IL,Austn,58696,6748669976,8f8afa5a-6d36-470b-8008-88c6409b3ab9
CrJ,53,FL,Tampa,33601,8409554530,0e549c0c-9135-478f-a51f-d206939d3e11
Zlg,51,OH,Akron,44301,4569216928,e22d4722-3cbd-4481-8cf2-4525204c59b8
wVx,96,OH,Akron,44301,4028349335,bf77810d-146d-4a05-86c8-9a7508665838
VGx,89,IL,Austn,58696,4279687912,4e5ba874-d6c9-4e4e-a83a-edf9dc8c7e42
GyZ,43,GA,Macon,31201,3362287908,0d0ac1f4-4bbd-4d2e-a657-b2e8cf9efdd2
SCd,43,NC,Austn,58696,5431834631,cad5e95e-62bb-419c-8719-d7aa129b57d6
yoT,19,NC,Austn,58696,9990375958,5c469460-af9a-455b-8314-29eee492f997
KpX,39,GA,Macon,31201,6295328338,40ece457-3b0c-4ddf-8a1f-0f69780e1d8f
avr,20,NC,Austn,58696,1727596004,c4c944b7-a327-4e24-82a7-fc2a52ba97f0
vRZ,62,NC,Austn,58696,2785153305,d0105e08-540d-49ee-ad16-2451cbddacd8
ExH,22,IL,Austn,58696,7913620930,3bd638a5-21cd-4bc9-b946-742c5fbbf4d5
lIJ,93,TX,Austn,58696,7570196932,ed9bfc78-4bab-404a-b479-0444acbd09aa
FDa,48,AZ,Mesa,85201,2362507755,d0a8a993-9ea2-4174-b9a8-517d2a598720
xeP,47,TX,Austn,58696,7031641854,86ba79f3-75a7-44a6-a1a7-16c61ef078e1
rTG,21,CA,Austn,58696,1905507725,2bc74998-db03-4100-8db1-fd2fcaa900ef
xOX,28,GA,Macon,31201,6856887966,95f78b1d-d7da-4c0f-8b6a-43ff7088c2c2
Yrc,83,NY,Austn,58696,4979517963,271479ce-eca5-41ad-8e4a-34d80063bf34
wHE,58,FL,Miami,33101,6657931389,e5299603-ab9d-4a5e-a1a9-7276fbe2d89c
CXD,48,OH,Akron,44301,8656399730,86e23631-b03b-44f9-9e5a-012f278b2a0f
LSy,63,IL,Austn,58696,7400173866,efa763fe-64f0-4dda-8e9f-cb013fc98634
jds,71,OH,Akron,44301,8454760282,f0e40385-7af4-40fb-9cd0-ca703ec46d36
izx,37,PA,Erie,16501,6685337558,3a975040-f4c3-45e0-b6dc-47e90039fa91
xeh,93,FL,Tampa,33601,5509626978,3fb411a2-a17a-48f5-b763-37fb72c1203d
iZD,97,CA,Austn,58696,7200342810,77e4ab4f-7b3d-4434-9749-0cdec95c7de5
bTP,79,AZ,Mesa,85201,9120558087,ecd330ee-682d-4971-ad12-d12e425f1136
pKl,55,AZ,Mesa,85201,7347256070,8bbd7153-7163-44bf-b22f-b11b2e053c1c
nGB,60,FL,Tampa,33601,8105642633,e9c2fbdd-7508-45dd-8d1e-039a71a5e90c
aQk,92,CA,Austn,58696,1446703037,34a4c1f7-fb75-41dd-9937-26ba708e9dc7
ICi,77,NY,Austn,58696,5357532461,a1228f11-44c9-4c1b-bfac-6437ae2490bf
JQX,41,PA,Erie,16501,3070767968,1a3e878b-857f-4981-aa64-db9bfaa8b9bf
kvw,24,NY,Austn,58696,3727115582,fffea8e9-ac78-4873-a76d-0f4713113c56
OzB,64,PA,Erie,16501,3095374464,51730fb1-ea95-45ce-8d33-ffa50ede16ee
ZvJ,52,OH,Akron,44301,9434753175,8dac2283-ef6b-41ab-86e2-1f61d639973f
lkI,50,NC,Austn,58696,2733150495,ac8265b1-bdda-4e36-8659-52f86bee65a5
myH,66,AZ,Mesa,85201,6891799183,32c3c8e0-e7ee-4bb2-bbc6-eec93f65e301
fZD,17,GA,Macon,31201,7774338554,30a395b4-e43f-4b77-8896-371c556c0df0
WjG,44,AZ,Mesa,85201,6954409621,217ef499-1345-4486-bdc4-78d695fac55d
BJS,44,TX,Austn,58696,3300692601,726a103c-9507-4f01-b5c5-9c7f59ae6cc5
JhU,50,OH,Akron,44301,1147898777,66babbad-bdd9-4adf-896d-b4b75e1cacbe
OCR,22,FL,Tampa,33601,3408847100,8117929d-4641-49f2-bfee-b6aebebf4b07
GaL,75,FL,Tampa,33601,2457791247,e06427b3-fe0c-422b-ae2a-1f2478fa26e8
Kao,26,NC,Austn,58696,6235143580,c656ca30-9226-46d0-a641-71cd28980872
esQ,45,PA,Erie,16501,8654314216,e68b2ce4-d4bc-425b-99e8-73e85d9f201f
SfM,59,OH,Akron,44301,3874540110,046bd6d8-55b9-4e66-beaa-7e5d91315984
ewp,32,CA,Austn,58696,9226776545,b8a954c4-4331-483c-8242-c8caddc138de
vnk,41,FL,Tampa,33601,9042298512,f6dce39e-cc60-4bc6-b6f4-832c3116b2f7
nPN,63,NY,Austn,58696,5451631402,18bb1d39-036c-4af1-89ed-0344eb834e7f
xdB,51,NC,Austn,58696,6494613510,c705592b-f691-40d0-85b6-500f5d9baaa1
Hsb,59,IL,Austn,58696,6558125656,2b7662ff-824e-469c-85fc-01693917902c
dZw,71,PA,Erie,16501,7285294033,d47d74c4-3bd3-4d77-b9bc-9a9ae96c950d
EGA,71,OH,Akron,44301,6825140364,25e29eef-1b3e-42cd-a462-7a9663faac78
Vpm,17,IL,Austn,58696,3459997413,3da038c5-0ce4-46a8-bf66-fa64ba3a0bec
faH,73,TX,Austn,58696,6758836809,7357a4b7-b37e-4389-a7fd-c5eed4032c9a
oJa,81,PA,Erie,16501,8418016927,17cfe834-c6b7-4d8d-9fd9-3ac7ff6be6e0
GRB,46,IL,Austn,58696,1894305851,6d98ac2d-25c2-4082-aaac-c622fadc47d8
ydB,87,CA,Austn,58696,2755912738,ad586e7e-9398-4808-9969-fd2c1cea2a7d
ILo,18,GA,Macon,31201,4340884525,d36a1e9c-6fd0-4873-beda-83ba2286a63c
ebY,21,OH,Akron,44301,2272440044,7caf0446-9da9-4ad5-bc8f-9b99562024ee
nBZ,67,OH,Akron,44301,6570408686,1256c7df-fbb4-4e77-8779-75afc9b25c66
piZ,83,TX,Austn,58696,8770857461,381fb0e5-4e6d-4634-ad96-afc34414ed62
xPr,90,NC,Austn,58696,2647249948,efc8ed3d-ab69-42c1-890c-3fb3ae643990
lin,31,OH,Akron,44301,4428020178,21905b12-9f2c-4417-ad62-f869cd3848c5
tkv,88,AZ,Mesa,85201,6112997231,6b4dd039-cd67-4ee8-bdec-d42a8afec267
uYZ,15,CA,Austn,58696,1164759642,859f1c56-eb69-43aa-966d-7f185f2cff8b
Ldl,90,PA,Erie,16501,2279830058,3fd437d4-592f-4700-a2b1-ec6d13e045a7
JuW,54,NC,Austn,58696,7895669566,994d0266-1855-4c3f-a9f6-0042e6643969
vjx,33,AZ,Mesa,85201,1249483409,b8eafd01-d297-4570-93c3-88c47256b9d9
TRn,79,NY,Austn,58696,9733148842,292094e0-1662-4df0-837b-c3bdc092ee48
ulq,73,FL,Tampa,33601,6455085574,6c5a7a8c-de78-480a-8a97-0a3e67d3484e
CHX,61,GA,Macon,31201,3388250261,c060d7a2-e0d8-4392-a8a7-791605bfd7d5
NMn,22,NC,Austn,58696,4651492165,aea517a4-1f33-4f4a-9f03-f8adb51565cc
ZkB,27,NY,Austn,58696,9455598536,b9f6334e-b61e-4fbe-890f-c20133f192ee
TGx,97,NC,Austn,58696,8949778594,1adeacb3-4545-4ef3-bb06-f06c9d59cca7
gyb,26,TX,Austn,58696,2501658878,c4f4fca1-49aa-45a2-b530-b191fc624907
igd,90,IL,Austn,58696,4634005348,6a1b23f9-37a1-414f-9c8e-fab75092b62d
xuC,55,OH,Akron,44301,8077998067,6e6ad14b-a529-4c1a-8bf0-9ec39eff5671
aPV,68,CA,Austn,58696,5395222877,78afab8d-5891-4552-87a9-c4417338caec
wMk,95,NC,Austn,58696,9850705888,e68c430c-23cd-4829-979e-aa8efaf3b4ae
TZg,17,OH,Akron,44301,9573545909,504cb102-3ac0-4cc0-b437-c444fb3f5880
fEn,13,PA,Erie,16501,6885344626,8c7f3de9-9506-4abf-83a6-e4f77dade645
Lkq,64,NC,Austn,58696,2435711676,892e4c4f-9dc0-4b29-98d8-602c45336a16
FKR,74,GA,Macon,31201,2707886482,b4d74e25-043b-4c9a-a02c-c3d240e7e268
ruG,43,NY,Austn,58696,6688365230,dedc603a-2b5b-46f6-b9ac-69bbce94458e
chF,80,PA,Erie,16501,9268863443,6108ee34-0d51-4d7f-8d5c-08b49fe9555b
aGj,72,PA,Erie,16501,1016561498,5c60cb85-0599-4851-a703-cd22f91268ff
IRx,64,AZ,Mesa,85201,5705966974,5645850e-ff5e-4148-84ab-4ff0e545cef4
iqX,74,NC,Austn,58696,4762785022,106ccb50-4d69-4111-bb6b-0a52aa974bad
HVO,20,NY,Austn,58696,2201049429,06ad8048-21a5-492a-acfb-1201c5eaf950
iET,51,AZ,Mesa,85201,6852663751,792f289a-281b-4e22-be3b-c5b9a90f8cac
NxQ,24,AZ,Mesa,85201,2452618663,6f668938-311b-48ce-a915-169e1553a111
NNt,27,IL,Austn,58696,9345135003,38274a1c-3c07-4e4d-8765-c77e8fa45c8c
KZM,45,NY,Austn,58696,8000096156,8c712437-43a1-40ea-a0fd-f9e45818f9ff
QIq,96,NC,Austn,58696,3609976591,8bc0ce8b-ce30-478c-bf1f-5a771f7ef7dc
Dei,15,OH,Akron,44301,9825979351,9a9db2af-bf07-4d31-b777-aa0295655e02
CJH,83,OH,Akron,44301,6667308681,e2c56004-ef1d-46ca-8767-bece33d282bb
BIC,36,OH,Akron,44301,9842975320,16b9268c-f8fa-4aa9-bc1b-316433ae9755
hJz,88,CA,Austn,58696,8178866367,ef640496-90a1-45fb-961d-a218342de83f
xgA,89,OH,Akron,44301,1991222367,ec791910-4dcd-46a3-8a80-5b0a689fba4e
ULk,59,CA,Austn,58696,1092643086,bae15478-3e6a-45d8-9d4c-bf84628196bd
upt,82,IL,Austn,58696,6524333322,6fe10fd1-b85b-41ab-a23a-f4d15cd326dd
Nxk,53,NY,Austn,58696,1387648111,8da51dc3-8aaa-4cd8-ad52-246456897ffc
aWC,54,TX,Austn,58696,8286406432,7061cd5c-9f32-4708-84d2-6fe8a8c585b8
yoQ,27,NY,Austn,58696,6538416860,58a297d0-e33a-4b03-abf4-a982f8698e12
hpQ,30,AZ,Mesa,85201,1839417908,dd625389-fc64-4c67-abee-8bd456f955b8
IhO,55,NC,Austn,58696,9008279543,8a202fa9-3008-4260-a69a-5b72129a8f1e
bET,52,PA,Erie,16501,4235800589,4034da73-a951-4b1b-88c8-8f9f07d7df47
FWO,73,IL,Austn,58696,8361038562,89ed6fb7-0935-49fa-8711-8073f58a1637
DrH,85,TX,Austn,58696,3578230815,19194461-9aa5-4875-a493-e9fafef16bc3
kMy,26,TX,Austn,58696,8918258752,bb7124f7-1557-4d72-b0bf-d4b4ac84aabe
soH,25,FL,Tampa,33601,9241632127,20837915-faf6-48d1-be7a-61c9b7c8a5f0
zqV,38,PA,Erie,16501,4579940684,4fd5c980-d01b-4c16-87b6-7d3eaabe871f
VVD,27,GA,Macon,31201,3936395301,60849210-3cbc-42b6-99ad-b10f679968e9
ebB,49,TX,Austn,58696,5535333513,614bc543-b0aa-4274-8b80-74a4c4adf90d
FUn,99,CA,Austn,58696,6768852818,bc46f6d3-f548-4322-837c-c8eabf09e41a
iie,53,FL,Tampa,33601,3176546322,d6a5376b-4ea0-4503-8ada-0f62235ab602
STA,66,NC,Austn,58696,3186020284,56c2806d-17a2-4a9d-a168-be74bd588df5
lwc,74,TX,Austn,58696,3137490423,46487462-b29e-4142-ae25-029496a004dd
qQp,14,NC,Austn,58696,2459029088,b968bff0-365e-41f9-a90a-f4c9a86964cf
Rym,95,FL,Tampa,33601,5450739345,ec801c67-a6e0-4000-9e6d-7389bd15b59f
lps,44,FL,Miami,33101,3529598794,6993bf06-6880-49de-84bf-1a72be29b29f
oXc,61,CA,Austn,58696,3371884828,b540061e-9598-4aec-a4d3-88f485794b5a
yPl,71,FL,Tampa,33601,9135059415,5c6f1153-adc3-49f4-b72b-1f8597c1299c
npt,74,IL,Austn,58696,3076547366,1bf2b61d-2a3e-4ad3-94b9-78527981520a
wgF,26,PA,Erie,16501,8016963679,3092e4f9-e6a8-4b77-821c-d11e5bce6916
vzu,52,TX,Austn,58696,7342855304,f3256b6a-ab6f-4c06-a1ca-412b02d5fe75
cCB,23,NC,Austn,58696,1206955188,e1969ed5-4e2c-45fb-9f32-7301c865fef1
RFt,23,TX,Austn,58696,5239452523,d9e6d2b6-4ccc-426e-ad30-bc2da37678d0
njw,68,NY,Austn,58696,9755078528,b13b456d-2105-4616-b224-eb801804ed9a
fwq,81,NC,Austn,58696,4848851144,6a9e8662-728e-44ed-90c7-2b321f151b4a
xgz,19,FL,Miami,33101,9688353115,05fccc45-3fc8-4dce-88d2-f80564a78543
hke,16,GA,Macon,31201,3187447731,17643bbe-4c9c-4cbc-9ee2-c13386d28ce2
iyG,73,AZ,Mesa,85201,4766120371,5f63faa4-a2c6-4c7d-8ffa-9e59fe88714b
zjW,66,CA,Austn,58696,4831205318,c15e984f-77de-4203-9bf5-57d4c1170e5a
hOZ,72,OH,Akron,44301,4960453354,3d897a13-4688-4c7a-ae44-00d3b7feb7b6
eUA,86,IL,Austn,58696,1490170157,1b4e1b74-b275-4a8c-957d-7abd53c1eed9
WZf,41,AZ,Mesa,85201,9602873340,5c353d3a-71c8-49e4-b5b7-6c276fd62716
Ouu,58,AZ,Mesa,85201,1364065708,aa6a6041-223d-4a00-bc77-bf5e6e265dc2
LZp,93,IL,Austn,58696,1519895689,1e99738f-79a6-4fff-b52e-28e571428cb5
xhP,51,NC,Austn,58696,2614830957,cb58037e-5e26-4fb2-894e-6bc9e9e0231b
SKj,59,NC,Austn,58696,1209000200,5ad9bdf7-e9b5-4b1d-985d-128e8adf5c48
kiT,53,AZ,Mesa,85201,2208078793,44edda50-7ca5-4893-b072-eb380c4b7d02
hod,72,AZ,Mesa,85201,9797967152,8f07575e-05d8-4a40-aae4-ccf84531b7d8
VvD,70,CA,Austn,58696,7473927770,048b5b07-0058-45d0-b432-b7c03d70460f
Fou,58,FL,Tampa,33601,8984017482,5ae6506e-435a-4c8f-99f5-c2b2fff3ae22
XPF,68,TX,Austn,58696,9901912149,4339b33a-b49d-4b7b-94e2-4604a7f72441
rip,45,IL,Austn,58696,7773631282,2ecf7f7a-b3a5-453f-b4f6-b38ec42e72d8
VDw,42,NC,Austn,58696,5033841884,7c8005a9-037f-4f28-b8c0-646c2afa9665
efk,16,TX,Austn,58696,8451063479,c0c43093-a588-46a8-90ff-99148e1f13f3
eWr,86,OH,Akron,44301,7177396966,05b971a4-1a12-4dc2-bbcf-3dd055a4f745
Bgo,96,NY,Austn,58696,9627240254,bc18695d-6c81-48ee-bdb1-c544fbe7e8ba
eEd,52,NY,Austn,58696,4012627367,19da787d-607e-4faf-98d7-c5fd32b81393
arB,85,AZ,Mesa,85201,6383709347,91c2d1bc-8a5c-42bb-a748-07564a701bd0
TMe,40,TX,Austn,58696,4199694042,f188e402-16d7-4efa-bd9d-bf00e5e771d1
CTy,57,FL,Tampa,33601,7335716443,2bada8e0-8b4f-4a16-aed2-756e911f9561
yIM,50,GA,Macon,31201,6218902531,856ef92b-7f7f-46b2-bdf9-9ee49b698763
bMf,22,CA,Austn,58696,4113996553,a53138e8-d355-497e-9acc-1e44a8fa289d
tWe,89,GA,Macon,31201,3438879551,297ffbf7-aade-4eea-aee7-45fb04c13e88
FEH,37,GA,Macon,31201,6309765152,7e2e2036-b642-42d8-b05b-c13f3ca90b94
UVL,85,CA,Austn,58696,3792694089,5cc385b2-7376-47ea-a1d7-7925f82f324f
wcm,87,OH,Akron,44301,8270099335,1f1dafd3-3427-42ef-b281-f26594bed94a
fKt,24,NC,Austn,58696,5091141748,71901238-e827-47a6-b7aa-82b51673d719
pqR,59,AZ,Mesa,85201,1196854236,82a4405e-e6f4-4210-a889-4d1e89f6fd24
DeG,33,PA,Erie,16501,7543249608,2dfd6039-44f2-41c4-9f89-a1d8ba873c8c
shB,28,TX,Austn,58696,9764195129,e7a57c82-45cf-4dfd-bba0-5bc491a439e5
LVl,22,GA,Macon,31201,3318769347,a818f3d2-e9b7-4b71-8580-ef042a5a1024
BRE,32,NC,Austn,58696,3535237105,8384320b-5784-4fdd-baf7-9d7867886157
tHk,96,TX,Austn,58696,8337616734,3336fdf7-ae22-450f-ae8c-444374b997e2
snw,47,CA,Austn,58696,1866492904,7413b0cf-df39-4249-b4dd-505ddc0f5c29
uCH,22,PA,Erie,16501,6427973450,6c784f1d-533b-4928-87c3-d7a30b038604
fwH,44,FL,Tampa,33601,9025052390,5145165d-a438-45cc-9076-8160224668c2
Acj,64,FL,Tampa,33601,9389529806,299ac403-dc32-4ed4-a012-04e7ea766723
fmo,92,TX,Austn,58696,7401616419,5e037822-7ce8-4ba7-8ca4-197cceeea64a
xhK,53,AZ,Mesa,85201,5083415803,a76fa548-481a-4d07-82cd-accc08b60486
ixe,98,CA,Austn,58696,5891209587,061ad087-5fc5-4d5b-8e73-42d7666c34c8
tHD,35,FL,Tampa,33601,3296007759,2e332835-27d3-4e87-ae3a-b2edc0c4ec1c
cVf,91,TX,Austn,58696,1580283322,b69f796a-91f6-451d-a2ca-cdf019bfe9f7
zic,36,GA,Macon,31201,4943216625,dfbedfbd-d1e8-414a-823f-dfff0ea344bd
mHr,33,NY,Austn,58696,1065424219,6383ca68-46a5-4ee9-8532-2cc841db9cc3
FfH,39,FL,Tampa,33601,6705087075,f566a550-2e82-4697-acec-e2885bf12e85
wHB,87,CA,Austn,58696,7557797440,03422388-a6c8-4366-91a8-7190bffc1566
cbS,72,TX,Austn,58696,1956778260,a4ea4e63-226b-4b31-9613-a7d3e572f8a5
Wvy,81,AZ,Mesa,85201,4954680233,f85eb98a-06a4-4cdd-8cfa-4292a985e3bd
FOO,13,IL,Austn,58696,2958693618,8a6ccb20-05ad-43c5-b69f-0edbb3fbd49b
mRX,75,CA,Austn,58696,5917098694,cdf6e0dc-c2bd-4d1b-83cb-0a9028b41271
AhM,76,TX,Austn,58696,1487701188,f7d0add7-1047-44f5-8b43-d01b103ebffa
urZ,59,IL,Austn,58696,2080725735,3aee05fa-b00d-45d0-959e-6dab7733b127
Zmz,98,OH,Akron,44301,6962394135,881bce51-2035-476c-b5ca-9f4a771b14ac
WeL,91,NC,Austn,58696,7949822842,67281504-7ae4-4ff7-afbc-fbacf040c0b1
oEs,10,FL,Tampa,33601,3241548787,8c999f38-c4aa-4958-acb1-21f6302fcf91
Ula,74,IL,Austn,58696,3124328559,e253ee6f-8f03-4544-a8d4-8f9f4518d7d5
XGE,67,IL,Austn,58696,3010072823,03470b9c-2876-472d-a152-c412493a78af
MRC,89,CA,Austn,58696,1895417961,dc7be03e-3dfc-4c4a-91df-abde536f0838
ElJ,15,OH,Akron,44301,7811044652,2fdcd115-bc1d-4444-a693-8b6ce792fdac
vwD,29,NY,Austn,58696,9397445704,f6fb28d5-cf7e-4250-9502-ce3e4118fcaf
tWT,95,TX,Austn,58696,1733664678,4dc0c264-5b32-4524-bed1-6df40244780a
aCV,66,NC,Austn,58696,2269540646,893a0296-1314-468f-bbfc-b5275ffdce72
TwI,82,PA,Erie,16501,3512255008,41cd0fac-e41b-40ce-853c-67788d7fb498
LRT,21,NY,Austn,58696,2825248826,975fbe68-d1d4-4859-a928-76593840f62e
Llq,43,AZ,Mesa,85201,6267353301,e4555561-5832-4cf8-a020-46ec72f5b038
rVC,86,IL,Austn,58696,1190110574,402633e1-70d5-415e-8d50-1cc088ecf524
zHT,83,FL,Tampa,33601,6124439582,a61c1df3-2a36-4218-997f-70a059d14e23
TzA,90,NC,Austn,58696,4035432177,d27baf37-59d1-433e-9795-6fa9fe42a5c4
RZR,80,OH,Akron,44301,9550059307,3e1305b4-837d-48c0-be9f-c3391cb57939
yza,42,CA,Austn,58696,4065790241,b302b9d1-d71d-437b-b17f-5333ebd64ae8
svj,24,FL,Miami,33101,6293260807,3ef666d7-bbe5-400c-8aaf-ec69ccba075f
jWB,28,CA,Austn,58696,4804307563,d83783ba-1565-47dc-bc04-5ecc93a9c83a
LRA,94,TX,Austn,58696,8469133700,ee20a65d-8e7f-48d6-b181-5fcc72305edd
RNi,69,GA,Macon,31201,5835406074,c3462107-c473-48f8-ac02-abe08f031bb3
wEl,53,NC,Austn,58696,3213308421,36fc7208-3991-4705-8404-af8058207cf0
UbM,34,OH,Akron,44301,8663054208,534f6f5e-ed5c-4b35-ba77-0fb1a5358a86
Fod,50,PA,Erie,16501,2546247942,aed394de-9c93-42a2-9fc4-5b20b6c91e8f
iGS,24,IL,Austn,58696,7794080741,ae2a4da5-f3b3-423b-b8fa-06e9c796c4aa
moK,67,NY,Austn,58696,9444716905,554ef446-2144-43b3-9a7a-706444d4b2ed
RkN,17,TX,Austn,58696,4654427320,59846206-c4bf-48ff-abb5-09572491c848
PrJ,63,PA,Erie,16501,8893162904,5f0f052c-f748-4a25-ab58-f40b8f38233f
foJ,71,NY,Austn,58696,9385054375,e8d57d87-64b7-464b-8d54-6a0339a79881
Tvv,59,PA,Erie,16501,5933437992,78ff8aad-5b10-447f-8b97-6fb958e587a4
jkc,19,PA,Erie,16501,7499455871,969b5691-2e5e-446c-a993-a216aeddeaa9
rme,42,TX,Austn,58696,1212321670,2f5cc427-3022-41a0-9241-37fe585a6ed7
PoE,15,NC,Austn,58696,1191666896,988e3dc4-95f1-4604-9c15-48b244ccaa99
JZi,43,FL,Miami,33101,4100684925,b8872781-d948-457b-ab06-ea2c432b6f05
Ypb,60,CA,Austn,58696,1777555872,090cf99a-f89c-430e-807a-2284ce4f4465
lhR,63,PA,Erie,16501,8129190773,89609e4b-33dd-4e3d-a0be-9f2c213adcb2
pmA,58,FL,Tampa,33601,6701253870,7d4186e4-871a-4169-af71-647e88a268de
Nfe,86,NC,Austn,58696,5201066779,0b46747d-3a65-42e1-af02-b2517b153613
eqv,19,NY,Austn,58696,2805797020,4ff0b62c-7af0-41e3-a634-d997b4e2cfc6
NPf,97,PA,Erie,16501,6005860559,39209dfa-0fdc-4b78-a6fe-52b4bb6c7a4c
ItL,32,GA,Macon,31201,6899070862,6f617b63-d7a5-42fb-8e89-c56454cc5735
haf,66,NC,Austn,58696,6006320586,e8f9a9aa-2b00-4a1b-a3ad-5230192bfa80
ggz,31,NC,Austn,58696,8805913313,dcf1345d-3f68-4c5b-983f-824da95907d9
ggp,42,IL,Austn,58696,2031986770,5c02289c-7238-439e-89b2-3f6dce3d8730
KPg,87,PA,Erie,16501,9372454798,4be80ba5-3aed-4b94-9036-63e42eaf0cf1
qsC,96,NC,Austn,58696,1451501909,4556f2bc-27cc-4e07-b4c4-ac1592ca06c7
sNa,72,OH,Akron,44301,1789953178,571f7b8f-3268-4abb-b331-9fbb18e12b89
sok,82,FL,Tampa,33601,7475961373,a392e5e0-95fc-41d8-817b-3719155a076e
Uxp,12,FL,Tampa,33601,1174997095,e7485b8e-b31e-4653-aa1b-b6d01f8cd101
BBi,89,TX,Austn,58696,9842404421,3ad2ccf5-74cb-4ea2-936c-d0cd2c3bcfd3
Njt,21,GA,Macon,31201,1451324285,451ff3e2-74ba-4d1d-a446-e700859f4dc4
UfE,68,NY,Austn,58696,7396715570,3ae88415-7608-4731-9b05-29e703ae019f
wvT,41,NC,Austn,58696,9603184451,e290a577-ed2f-4cca-9000-594834e01fc3
yLN,86,AZ,Mesa,85201,9811613821,246bf705-ed93-4559-baeb-1d619c351142
ypV,42,NC,Austn,58696,3424078821,d371bfd3-b553-42d3-a40d-6a08b95298d7
RKN,47,NC,Austn,58696,3554942702,de3c263c-b7f2-47ee-90c2-fa332dd6cd09
qeX,80,IL,Austn,58696,5973304692,0fccecb8-56ac-4ddb-bb29-d604f82115df
JMd,99,IL,Austn,58696,4683695235,c55a6b8d-e6f1-4f67-9b49-b4a455f0593e
rFL,48,FL,Miami,33101,2911930363,76ba1a54-4980-40c5-a451-d70d94f1a86d
pYl,35,AZ,Mesa,85201,2093808799,8459b3e7-006c-4585-a599-a106d6633240
dlD,31,FL,Tampa,33601,6547156230,fd470fd7-b248-44ac-babd-a5cf5794edf8
fDl,48,GA,Macon,31201,7697689857,58281132-15f2-400f-8fdc-d1c22b8e4a12
Kqf,32,OH,Akron,44301,1070817716,b536bd67-4b02-44b1-a6a7-179abe5c5931
yuO,59,IL,Austn,58696,3902843498,40163fe7-d6dd-4410-8f3d-69b3e4165eb0
coX,88,NC,Austn,58696,3288096123,5ae025ac-fc57-4459-8657-a85365808c6c
roN,66,GA,Macon,31201,3025258038,d7fc9931-6053-4bd4-817d-bf530ed8df0f
ZCe,77,OH,Akron,44301,2698730783,517771f9-68db-4a78-842f-a97a32d68a07
TpZ,51,AZ,Mesa,85201,6334498792,2366aff6-4193-479e-938e-4af726baaf0c
XBE,46,NY,Austn,58696,5081415372,8d6a5e7f-1ccb-4335-b6db-026912766cfa
XLG,47,NC,Austn,58696,9749320712,0a0d1073-99c2-42ad-888e-e174f8936727
cpI,67,NY,Austn,58696,1365364020,3d3021d2-3cff-4db0-948a-88bab026cc3b
Jol,30,OH,Akron,44301,8922384999,995ca770-5418-4ac4-9ae5-078648e68738
Nnb,58,PA,Erie,16501,5898309931,0b0df1ec-a65d-475c-b2da-44df33c75204
uao,15,CA,Austn,58696,2840295860,20b72837-7b81-40d8-b49c-c01213ac2479
ZAo,39,NC,Austn,58696,5076116982,93992c62-2588-4037-a7ee-a4af79da353c
YIx,70,OH,Akron,44301,1839406144,f6509443-fd04-4d6a-b1cb-13fa741b7b74
sQr,88,NY,Austn,58696,6418198961,996be35d-929c-4804-b104-f1bb4de25504
HDC,39,AZ,Mesa,85201,5970654382,3d5d4b0a-e256-405b-b955-1ffcf2fdd0f6
yuC,96,FL,Miami,33101,7875622003,06f1fac3-544f-40c2-ae04-62453a0e0d2d
bQv,89,IL,Austn,58696,8168239313,6f0c6b3e-4d8e-4152-93b0-9b318db15768
izc,79,FL,Tampa,33601,7804609547,b9034346-e9fe-4b7d-afa1-8673143206d9
Ize,68,GA,Macon,31201,1766060728,f6b0c42a-01ec-410f-bd2a-c23c4679c3a3
MNp,61,NY,Austn,58696,7732085373,c5f21d51-fa55-4229-a41c-383a4ae5aa5e
zbC,77,GA,Macon,31201,3473567572,82ea97c6-b9be-4dfe-ac02-0c77689b00b3
gWh,13,GA,Macon,31201,9977922143,5fd16476-b3e7-43a0-9c77-8fa90a723b3a
thZ,87,PA,Erie,16501,1656068943,f20f21b3-eb47-4699-9f7c-6e0b1d1682e3
ivI,14,PA,Erie,16501,8071283777,1e59f488-8f08-412b-8194-f2f17522c696
jYc,51,OH,Akron,44301,1959326714,bcc09303-e759-4b28-8d1c-f7faa2cbaf7e
BEZ,21,NY,Austn,58696,5380434064,8cea7db6-c52e-444e-8d56-d32209d90223
EHe,66,AZ,Mesa,85201,6540025343,39a83c96-3b13-48de-9db7-51cbc2a4a2d3
zrK,21,NY,Austn,58696,3815966364,6065f849-fe27-4efa-9837-579b9d1e5228
PEu,52,IL,Austn,58696,3867496609,e28f8620-7685-40e4-a8ea-303a88bf1921
IFz,59,AZ,Mesa,85201,2921792160,ff7c9a48-d002-4c5d-a77b-077160b6dbb3
LLt,84,NY,Austn,58696,2171581984,5b01ee3a-3d4f-43f4-9793-bddd279ba06f
YuA,88,FL,Miami,33101,4430258874,5c0630ab-4bb6-4d45-be77-3a1d60b134ee
EBD,76,OH,Akron,44301,2918214022,3925ada2-3afa-4b8f-8850-12a5ec06fb68
RQU,90,GA,Macon,31201,9636610543,92d8765c-e2a7-498a-85e7-60331e6d7a92
uBR,85,IL,Austn,58696,7647523353,161baeac-4e85-42cb-923a-021a416211b3
zOj,84,CA,Austn,58696,8086863415,6f11992b-4c12-42e1-819c-bf4751161192
reO,15,CA,Austn,58696,5753080103,7ee7da9b-6782-4cdc-a869-d9f9bfe34ab5
bMd,80,GA,Macon,31201,3491731523,4a1948ea-a426-4c9f-8358-dfebc55e6c38
ztO,67,OH,Akron,44301,7227931002,32e34d07-259a-4236-a724-76c3962f1ae6
ywb,10,NY,Austn,58696,3686542019,0a84cede-e398-4339-8e11-41c06dc59741
Bfa,24,FL,Miami,33101,6055625638,4af73ece-8b90-43b6-b7e6-29bba997ccc6
TsC,39,NY,Austn,58696,3093797887,d371d275-5a5a-479c-9e5e-18dd9a81881e
Ruu,96,FL,Miami,33101,2658529545,5f29dc56-5382-44f0-b2a9-ff84e0aba91c
TXo,51,FL,Tampa,33601,6525869540,ea66c242-5656-4456-ba1e-7afeba4c5a13
alC,16,FL,Miami,33101,2920091630,4f9d296b-5d83-479f-a5c6-736539b2cbf8
hUo,18,NY,Austn,58696,4166168003,c038fc5f-8e73-416f-b4d8-b82b8beb9c86
eYG,97,OH,Akron,44301,8412532079,22c6b1af-025f-489c-afc8-2db864a7bdd4
gPU,31,TX,Austn,58696,6940028485,81c76cb9-e02d-4208-b801-a117ce946303
cVQ,50,FL,Miami,33101,3760841634,d9f04a20-3a6a-4d17-b751-eddd951953a8
EbD,41,IL,Austn,58696,3328396453,cce6d025-c17c-45ca-979f-2ce28ae1e533
JWr,46,NC,Austn,58696,9015371089,0e154b34-5cd9-4870-85ba-f814d750beda
hxK,18,FL,Tampa,33601,9130133660,ba7d9c8b-2a50-45c8-9ef3-aa3b319fbe17
KFS,55,FL,Tampa,33601,6896140347,205dfd85-a1e3-42d5-996c-e1f4e535e37d
bhO,53,NY,Austn,58696,9503892221,b8a1bdc0-c18c-4ab8-86df-839e8aed15a4
GJo,84,PA,Erie,16501,5982832002,0cc19d50-5de1-4b75-b3f9-a5885054c891
zav,22,TX,Austn,58696,2381844683,b1c6b168-4bc5-4352-8ff7-0717aa9bcf3d
BoQ,49,FL,Tampa,33601,9995532415,a49e14af-cf41-43de-b303-bf92bd3b822b
fUN,83,AZ,Mesa,85201,6801777561,a6545e4e-486c-4f52-9dd7-9cd5d386ba2d
CeU,28,TX,Austn,58696,9344696135,a76ad998-a26c-4841-8538-ff2cdf861c69
TmC,59,GA,Macon,31201,7801347861,56fb7d19-766f-47c1-a5d8-33077f048a64
DHe,75,PA,Erie,16501,3790017197,91715e18-5dc9-4fb4-8141-9857e0bfe06d
eXc,37,TX,Austn,58696,9589725023,ae7f3825-cb82-45b7-bc97-b28b31dca4ba
SNU,79,AZ,Mesa,85201,3479919170,423e934e-3ea2-4f0c-b965-c6971a7084fe
qUB,15,GA,Macon,31201,2071710250,e9e093d2-6db6-4350-bcdc-78dd955d059f
PFQ,40,CA,Austn,58696,2293665737,e9096625-dc16-4c66-b880-44dd7468fda5
tvI,18,NY,Austn,58696,9511629860,8646ebe2-0d88-48c8-9552-53c61c50bb17
aWt,77,CA,Austn,58696,7282482256,51d103ff-dbbf-4983-b82f-1efbac4ca8b6
OlG,81,IL,Austn,58696,8942377565,7ee37a3b-a943-4773-be4c-b6df6049c747
gun,35,TX,Austn,58696,4847386934,f9b544a9-a461-46cb-8acd-c00ab6005317
sHy,91,FL,Tampa,33601,2436398145,f2c49d32-60b3-4ef3-9f67-7d8ebf7a6029
fDO,81,CA,Austn,58696,3040971780,6d77f0f2-813e-4eed-b098-8e7ffd4ec437
vbP,79,IL,Austn,58696,9920421436,5e8d79ab-5da3-495b-b477-51bd2c3fc668
iMg,96,OH,Akron,44301,6339702414,0e02585c-8a66-4907-bfb6-b982af3927af
LZP,76,IL,Austn,58696,7598295446,488b6233-ba2a-482f-9cc2-b57344fa003e
Hga,17,NC,Austn,58696,3382678982,a9c76460-a3d6-4d10-a9d7-4a996638d975
WcW,34,GA,Macon,31201,2576285852,de1b1e50-a479-4212-a1de-2b94db832b7c
kcN,13,OH,Akron,44301,5639370834,15e745a0-e463-40ce-93d4-d036ddb74a55
rHr,73,FL,Miami,33101,7554479903,80b06744-8c2a-4b0a-a7ce-561c14fd2700
vJS,88,GA,Macon,31201,8304772037,19a49c8d-474a-41a3-9e5b-3740e8e641b9
BRj,46,NC,Austn,58696,3361470268,f1319d7b-859d-4a8c-a3f8-1e049e4af630
CEc,31,CA,Austn,58696,9592006178,d8f2cbee-5b63-4804-abc5-621dfe304b3f
NMu,20,GA,Macon,31201,9783962552,3c38f3c4-4ebb-4211-8d12-499a9e8aca63
tqP,57,OH,Akron,44301,4942520699,5abbc9f5-063d-4fea-8d5b-538004a97135
bgI,83,CA,Austn,58696,7052240719,68b6aa47-e624-4126-a8cf-29213cbdebc4
Pps,63,CA,Austn,58696,9292036570,4de8c18d-a6ea-4f1e-99e1-dca6888008ea
zjs,64,GA,Macon,31201,9906441773,2f29d2fd-53ae-4a69-921d-491a52bdc4e1
QAG,10,FL,Miami,33101,5817276927,51de1574-6dc0-4b90-871f-d79ea2e8b95c
BFi,99,NC,Austn,58696,3107412851,ba7be550-20ca-4995-990a-7eec02a48f4a
tgU,70,AZ,Mesa,85201,5090458742,9da5c415-7684-4f4c-8094-f5075735cad4
tfb,35,GA,Macon,31201,7463780556,4bec1795-4b77-43d6-b805-c0d6b79ce866
MYQ,72,GA,Macon,31201,3996715374,6dde69fa-0c3c-48f6-85b6-bf6a94c2f651
fVR,90,TX,Austn,58696,7486658357,0e877a4d-ea65-44d4-84cb-a8b501ff4746
vul,91,PA,Erie,16501,4328043653,1acfcc0a-e716-483e-8e13-1c958db3ff96
lyt,53,PA,Erie,16501,2100108303,e8961606-b875-4a9a-be7e-c7b2642eb87b
FfZ,45,TX,Austn,58696,3178621021,ddc2a8ea-7d34-46d5-a093-35918f92e31b
YBu,27,NC,Austn,58696,2073886996,945ac01f-21a9-4f0e-954a-5ae3ed702277
ROp,50,GA,Macon,31201,7932841515,aeac8eb8-6197-40c1-9eb0-7939aff62b04
qIG,40,FL,Miami,33101,1994851042,d676aa86-7917-48ca-87fd-d9fe83cea641
sER,18,FL,Tampa,33601,1842503213,d8a38f87-fb9f-47db-a120-35ec569dbe20
gaJ,86,NC,Austn,58696,7687320321,833df3f9-3e97-4d8a-8fe4-2e70ff4d70e9
vLE,11,OH,Akron,44301,4656925026,dac2d579-0412-458b-97c9-1096f58b93f2
RCa,85,NY,Austn,58696,6213172540,3db71e96-3e59-4881-9b48-b732dd36e38f
FWB,56,NY,Austn,58696,5216583906,7daec9ca-da6a-4c1b-a4ed-ea6e5f00cce8
kue,12,NY,Austn,58696,8233499379,7fe2f233-7319-4146-b7de-97d96fdc23c2
pVn,34,IL,Austn,58696,8386635853,00e28bb2-8222-42aa-991d-a376e5764185
Khh,78,FL,Miami,33101,9839191092,429005ba-ef83-4706-9456-48bed78d41d8
gSP,27,GA,Macon,31201,6507384154,d6f408f3-f409-4e32-9f90-cf96e579cc2a
OoH,33,PA,Erie,16501,8890795486,49b2769a-1dc8-4cb3-b71d-db52cbfbe27d
odU,49,NC,Austn,58696,4482316793,458d53f0-4cd0-46aa-a656-dbbd1eb5c222
YWx,73,GA,Macon,31201,2079852862,e7854a84-455e-4c3d-8e2e-10e607065ad7
RDW,50,PA,Erie,16501,4505037750,c63a4d7c-17d3-4b71-ba6a-32665ffafc66
FZC,12,PA,Erie,16501,3766711040,4bb7a4bf-77bf-4e65-a20e-17ab5237f49e
WoW,40,NC,Austn,58696,9680455090,45715657-e8ce-4be3-9685-4a49beb35e02
wXK,15,TX,Austn,58696,3878340347,e9ba8957-5e4e-4b36-90a3-580429b16c0d
CUf,63,CA,Austn,58696,1815171273,b855ef3b-21e6-4c00-a60c-241b70dbff1f
tEA,15,IL,Austn,58696,9340985151,5e29e643-fca4-4a55-b74e-836f0cce8f4a
lCM,92,NY,Austn,58696,3749439907,76e57e4a-90c2-4915-90e0-cabb2c3482bb
hFe,70,NY,Austn,58696,8608669190,fc8c8971-ff6c-4f45-a552-291bd3ea53a0
ZyI,32,IL,Austn,58696,7974094100,70d1762a-758f-4c43-a81a-812bc88f4084
YIn,81,TX,Austn,58696,6064251894,8ce0eea5-311d-4dc2-af9a-3551a56928fe
Tif,16,TX,Austn,58696,1901249820,bc484493-9573-411b-beb9-e7175e3381e5
uqk,13,IL,Austn,58696,1377842507,b1213eea-39b9-43ca-9920-a9b856c47456
Zsj,15,CA,Austn,58696,4187695045,99f269ca-45f1-4bee-a653-3487ee9840e9
Frv,62,GA,Macon,31201,6483986842,4b841cb0-68e8-4362-8c8c-5a403702f646
mTs,21,PA,Erie,16501,4799312493,e8cb5eb7-1902-4a60-884c-f5154e9b13b6
DlL,20,NC,Austn,58696,8705269159,59c22e07-1d4d-4701-9c8e-58bfecf576a2
XwP,44,PA,Erie,16501,1667634283,8244bbda-b072-488b-bb25-c6962bb3b581
OrK,25,FL,Tampa,33601,8469792468,0b5585ac-d742-4526-873d-53af58d31f28
nTA,77,NC,Austn,58696,9928407727,b628e9c6-21c1-4d98-9156-c35575294994
UcF,59,FL,Miami,33101,4132462080,306f6420-57b8-4341-a668-9178d4a5808d
YVU,91,TX,Austn,58696,4135446542,fac9e956-8d29-4369-ae74-2228b58dd2cf
wfw,68,GA,Macon,31201,2962167484,474750e4-efbe-459c-afee-b2cdc9628d17
tIr,34,CA,Austn,58696,7508826449,2ba9641e-64e7-4a81-bdfa-3e809f83011f
izM,46,GA,Macon,31201,8358295176,363a989f-a15f-4043-8b43-c1bf33c90dd9
XMJ,25,CA,Austn,58696,4314996802,d4156866-ffc5-4755-8efc-98fbd57779c0
iQT,27,NY,Austn,58696,5201255202,37e68dbf-faf8-4d96-b9f7-72785cba1ded
xWh,40,NY,Austn,58696,8037984981,69ad586f-52a9-482b-9149-540af36a4b0a
mkO,12,CA,Austn,58696,3394148717,b67d1fbb-5822-4c49-9a9b-721376f1a6cc
CDu,65,GA,Macon,31201,1986569940,4f2cb1e3-2691-40f6-90da-8d809f2cd4d4
xIB,13,NC,Austn,58696,9612191789,258ffeff-c746-49ac-b7eb-5687a6ea74cb
hbv,98,IL,Austn,58696,6319752489,c289909a-2690-4684-b6d9-3bf2ca2ef004
XcI,73,IL,Austn,58696,8940002912,974493a9-978a-4b0d-9d34-35beb16fddab
pGD,50,OH,Akron,44301,3624782313,9db7077c-e019-431e-99f7-0c69e60b8a58
DPe,22,FL,Miami,33101,6773899141,85e7219f-373c-4819-9553-b6dd512bd3ca
rTd,23,OH,Akron,44301,1136654380,c8414221-a2b6-45cc-b0f8-2ab5ba2ac735
ZEG,38,TX,Austn,58696,7714385048,4bb75597-b978-4f20-8f7c-9867ed7fe1b2
trh,57,TX,Austn,58696,4055288460,349cb172-253e-4646-9ec5-98d93f406546
SGa,66,FL,Miami,33101,4545116661,b1d91afd-0ca6-4c6f-8d75-488feccf8a62
vLS,80,NY,Austn,58696,9361196517,515445da-53fe-480e-9c6d-42ebb1a6a3a0
vEe,16,NC,Austn,58696,4476874961,c6d5c35a-ea98-44d8-b221-9eb9dd872c5b
FDn,81,CA,Austn,58696,7506342823,0181c4c4-8910-4b11-8730-666151df50d9
DwU,89,FL,Tampa,33601,8349671130,0adeff29-2365-4815-8792-1a7c04ba7d0d
Cub,89,TX,Austn,58696,3081452933,ff7a55f0-4119-4ef7-9a93-52ee413654c0
hMh,73,GA,Macon,31201,7733013440,7aa80180-c32d-48f3-bf3e-00cf4096a7cc
Fne,60,AZ,Mesa,85201,2250283160,24c7fdfe-e92c-4a4a-bdcb-b818df209eea
ooB,57,IL,Austn,58696,7672432132,ab649ba4-0b7a-4c34-a7a2-57c7e11d8606
CEm,47,NY,Austn,58696,8600170143,7f058ff5-b6a4-4868-bb49-4f22fdc76c5b
Izm,77,AZ,Mesa,85201,3499743924,c9f3248e-d22a-4ff6-8969-8ab3f5a983f9
Zqj,51,TX,Austn,58696,5631690599,8c2b2af0-e328-43d6-bd74-ca0c9ceac66d
vro,37,FL,Miami,33101,9241472007,281f861e-4073-4cfa-86d1-fb860a675a71
fCT,83,OH,Akron,44301,6775001304,ef995df0-f369-4418-9d20-4e90fec83b15
hRp,56,PA,Erie,16501,1117036565,00695a4d-21ce-4ead-8274-21c43295784d
Cdl,33,IL,Austn,58696,6466570281,f71231b1-d048-431b-a45f-882bbef0533c
uRN,46,TX,Austn,58696,9952383505,0acdb229-9ad3-45d6-8610-5578609cd729
Bun,13,GA,Macon,31201,4043079676,c253a64c-f31a-45c9-b000-d6c0a128b13a
gxe,88,FL,Miami,33101,6272161462,2aa060ef-bf1e-4c95-8235-00007935efc6
nEV,68,AZ,Mesa,85201,2388824738,92052869-a638-4490-97bc-01bd28a3f0df
LfA,17,OH,Akron,44301,4159382500,7505f1cb-168d-4aab-be91-787daded5b57
LXb,97,OH,Akron,44301,6593769895,f5b107ee-cc8d-44c3-93ee-070d687ac0bb
Ouy,26,FL,Miami,33101,8044152723,b7c708eb-69bf-4343-a6b0-c7d1e0863e8c
Nmt,32,IL,Austn,58696,9957563143,8123e4a3-e9e2-4b9a-a3e6-5fdcc738dbfd
YLe,31,PA,Erie,16501,1052155389,1a985b12-f549-432f-8a44-22148b763be9
Wnf,79,NY,Austn,58696,9534884653,35ee5df1-c594-4d91-9c97-01f7546048d4
nWC,36,FL,Miami,33101,2659383760,f4dc5e0b-3233-40f9-8c3d-fc5d01b456fb
tSS,35,NC,Austn,58696,2484372660,41876176-59aa-4b58-b48e-cc433a04a3ce
UXK,32,GA,Macon,31201,8250483829,7d39cb2e-0f71-4350-8183-a77734ad684d
ABb,89,NC,Austn,58696,1000698022,e5eed12a-0374-4b68-b92a-ec3030e9042c
liy,93,NC,Austn,58696,4538242028,8a0312f8-bd8f-49de-9d11-eba1a05989b8
muo,25,NC,Austn,58696,3847743170,1f3bb1f5-3341-4f2c-b988-54d490f76481
LPn,68,NY,Austn,58696,4703224866,865f1772-f2df-4728-92c6-3308cf26de72
lie,12,IL,Austn,58696,4808295534,b3bea00c-d9a9-4ebd-9921-a5b0b06b417a
WJQ,71,CA,Austn,58696,1361523058,33654712-6427-4b99-ad59-9a759e09334b
XZJ,51,OH,Akron,44301,9809222164,0dc6b1c6-df27-4f61-9833-99736326838c
Dda,94,NY,Austn,58696,6116772174,8827264d-546e-4026-9abf-b740d8e1dc1a
yLo,66,CA,Austn,58696,9025838311,1df6b3f9-15ac-4c05-8c78-06e78a9ef357
DBU,67,TX,Austn,58696,6932813367,ae467b82-1a1f-4a2c-befb-04bfc3c56411
Mnj,12,FL,Miami,33101,9427212342,cbf7bbac-e7b5-4239-b1de-15c29a535343
qSy,21,IL,Austn,58696,1973397389,55b0579a-95ea-433e-91c0-3ad2980d141a
YPL,93,CA,Austn,58696,3627236806,646a2a7d-af2d-480f-829e-e36b5b37a8ae
Olv,25,NC,Austn,58696,2923605881,42c9ec23-c74b-4cbb-9fac-79734733345c
Dmp,96,NY,Austn,58696,2006918916,fd0b177c-3cee-44f3-b66c-e85241c9ea51
mvi,45,AZ,Mesa,85201,2859519995,d65b5d96-22dc-49b7-9fe1-528ffa2f2a0b
XMQ,20,IL,Austn,58696,4545315009,3b57d966-596b-480e-bbe9-2b75d6cd3048
pPz,46,AZ,Mesa,85201,3137004262,9c2af865-274f-4a74-860d-d3b57459da87
oCU,37,PA,Erie,16501,9157946349,6e58ff57-d1c5-4c62-8a0b-9e024bd31a96
hAr,91,GA,Macon,31201,5638776212,2c69cf25-38c9-4c81-bb7d-abf30f5b0fe1
yaT,42,FL,Miami,33101,5335009447,07dd9151-577c-40bf-919b-4c665c299988
oCy,69,GA,Macon,31201,5654577161,8d4a3299-76ec-42e0-9499-341f3824fe04
sPb,94,PA,Erie,16501,3661591910,aa323176-4c42-45f5-9ffe-e21f8d9f2df0
GuJ,87,AZ,Mesa,85201,6615752716,8f32b4c8-a9e5-450d-b196-ce46448b519f
Zpb,71,PA,Erie,16501,9714314094,8c054405-1ec4-400b-8dbf-0b5f4ca1572c
ytr,10,IL,Austn,58696,6601428023,e5e83d20-a572-496f-be15-a4e5cc03d2e1
Hsj,88,PA,Erie,16501,8557190808,88c69d5f-eb40-4bb3-8563-5c6f90e77590
kxb,38,TX,Austn,58696,4161847235,584120c1-2e9c-4b5c-aaf1-52343b0c5f29
Yzo,57,OH,Akron,44301,5654028469,99e1223d-9b28-40b2-ae36-60d443750163
